species_guid,plant_parts,pest_stage,visibility_type,spreading_way
6fc59a9e-a026-48af-8db8-4ae1f4207aa2,种子,"菌核,菌核/菌丝,菌丝",裸眼可见,
6fc59a9e-a026-48af-8db8-4ae1f4207aa2,枝,"菌核,菌丝",裸眼可见,
6fc59a9e-a026-48af-8db8-4ae1f4207aa2,叶,"菌核,菌核/菌丝,菌丝",裸眼可见,
6fc59a9e-a026-48af-8db8-4ae1f4207aa2,芽,"菌核,菌丝",裸眼可见,
6fc59a9e-a026-48af-8db8-4ae1f4207aa2,生长介质,"菌核,菌核/菌丝,菌丝",不可见,
6fc59a9e-a026-48af-8db8-4ae1f4207aa2,全株,,,
6fc59a9e-a026-48af-8db8-4ae1f4207aa2,木材,"菌核,菌丝",裸眼可见,
6fc59a9e-a026-48af-8db8-4ae1f4207aa2,鳞球茎（包括鳞茎/块茎/块根）,"菌核,菌核/菌丝,菌丝",裸眼可见,
6fc59a9e-a026-48af-8db8-4ae1f4207aa2,茎;枝;芽,菌核/菌丝,裸眼可见,
6fc59a9e-a026-48af-8db8-4ae1f4207aa2,茎,"菌核,菌丝",裸眼可见,
6fc59a9e-a026-48af-8db8-4ae1f4207aa2,花,"菌核,菌核/菌丝,菌丝",裸眼可见,
6fc59a9e-a026-48af-8db8-4ae1f4207aa2,果实（包括果柄）,"菌核,菌核/菌丝,菌丝",裸眼可见,
6fc59a9e-a026-48af-8db8-4ae1f4207aa2,根,"菌核,菌核/菌丝,菌丝",裸眼可见,
e0acc296-70cd-4a76-8279-45fa5eef0e77,种子,,,
e0acc296-70cd-4a76-8279-45fa5eef0e77,种苗;组培苗,,,
e0acc296-70cd-4a76-8279-45fa5eef0e77,叶,孢子/菌丝/子实体,光学显微镜可见,
e0acc296-70cd-4a76-8279-45fa5eef0e77,生长介质,孢子/菌丝/子实体,不可见,
e0acc296-70cd-4a76-8279-45fa5eef0e77,全株,,,
e0acc296-70cd-4a76-8279-45fa5eef0e77,鳞球茎（包括鳞茎/块茎/块根）,孢子/菌丝/子实体,光学显微镜可见,
e0acc296-70cd-4a76-8279-45fa5eef0e77,茎;枝;芽,孢子/菌丝/子实体,光学显微镜可见,
e0acc296-70cd-4a76-8279-45fa5eef0e77,花,孢子/菌丝/子实体,光学显微镜可见,
e0acc296-70cd-4a76-8279-45fa5eef0e77,果实（包括果柄）,,,
e0acc296-70cd-4a76-8279-45fa5eef0e77,根,孢子/菌丝/子实体,光学显微镜可见,
d7815b53-c892-4409-9465-29ae2f0e7703,全株,,,
f5b56acb-e6c0-4911-9e90-8d8340dc4884,全株,,,
53317adf-4d45-4366-9d3c-791706e42a83,种子,,,
53317adf-4d45-4366-9d3c-791706e42a83,种苗;组培苗,,,
53317adf-4d45-4366-9d3c-791706e42a83,叶,,,
53317adf-4d45-4366-9d3c-791706e42a83,茎;枝;芽,,,
53317adf-4d45-4366-9d3c-791706e42a83,花,,,
53317adf-4d45-4366-9d3c-791706e42a83,果实（包括果柄）,,,
53317adf-4d45-4366-9d3c-791706e42a83,根,,,
68021f92-cac6-4d0e-b112-4bb822cd708f,枝,,,
68021f92-cac6-4d0e-b112-4bb822cd708f,叶,,,
68021f92-cac6-4d0e-b112-4bb822cd708f,茎,,,
68021f92-cac6-4d0e-b112-4bb822cd708f,果实（包括果柄）,,,
217d2593-2b73-42c2-a2e7-d90594399efa,种子,,,
217d2593-2b73-42c2-a2e7-d90594399efa,种苗;组培苗,,,
217d2593-2b73-42c2-a2e7-d90594399efa,叶,,,
217d2593-2b73-42c2-a2e7-d90594399efa,茎;枝;芽,,,
217d2593-2b73-42c2-a2e7-d90594399efa,花,,,
217d2593-2b73-42c2-a2e7-d90594399efa,根,,,
ea858c34-c90b-4de1-a645-0570f630b35b,全株,,,
87f5d457-b6dd-4426-bd84-6564efb48db9,全株,,,
cb31b8dd-172b-4fee-b94f-86db959ed9ee,种苗;组培苗,卵/幼虫/成虫,不可见,
cb31b8dd-172b-4fee-b94f-86db959ed9ee,叶,卵/幼虫/成虫,不可见,
cb31b8dd-172b-4fee-b94f-86db959ed9ee,花,幼虫/成虫,光学显微镜可见,
cb31b8dd-172b-4fee-b94f-86db959ed9ee,果实（包括果柄）,卵/幼虫/成虫,不可见,
95b7e33c-2af9-46bc-ab58-8e5db951694c,全株,,,
90a64589-5b81-4497-9425-194f23fc48cf,果实（包括果柄）,,,
71b5dc35-2a10-4e2b-bdc9-549aa75e34a9,叶,,,
71b5dc35-2a10-4e2b-bdc9-549aa75e34a9,全株,,,
71b5dc35-2a10-4e2b-bdc9-549aa75e34a9,茎,,,
b39d41cc-fee1-42f5-ac33-069408f45db3,全株,,,
8d01dcf8-ed1d-41c8-88ff-2890853a75f8,种子,孢子/菌丝,不可见,
8d01dcf8-ed1d-41c8-88ff-2890853a75f8,叶,,,
8d01dcf8-ed1d-41c8-88ff-2890853a75f8,树皮,,,
8d01dcf8-ed1d-41c8-88ff-2890853a75f8,生长介质,孢子,不可见,
8d01dcf8-ed1d-41c8-88ff-2890853a75f8,全株,,,
8d01dcf8-ed1d-41c8-88ff-2890853a75f8,鳞球茎（包括鳞茎/块茎/块根）,孢子/菌丝,裸眼可见,
8d01dcf8-ed1d-41c8-88ff-2890853a75f8,果实（包括果柄）,孢子/菌丝,裸眼可见,
8d01dcf8-ed1d-41c8-88ff-2890853a75f8,根,孢子/菌丝,裸眼可见,
42040aea-22a0-4c0c-8a6b-adb4f1bf4dbb,种子,幼虫/蛹,裸眼可见,
42040aea-22a0-4c0c-8a6b-adb4f1bf4dbb,花,幼虫/蛹,裸眼可见,
9f9bbb22-ea97-439d-84d7-773d73243b8f,全株,,,
da5830dc-3630-4c89-8c90-6faaf2e9d748,生长介质,蛹,,
da5830dc-3630-4c89-8c90-6faaf2e9d748,果实（包括果柄）,卵/幼虫,裸眼可见,
f5494ded-6bcb-4f54-9435-ac5e1966fadc,种子,,,
f5494ded-6bcb-4f54-9435-ac5e1966fadc,种苗;组培苗,,,
f5494ded-6bcb-4f54-9435-ac5e1966fadc,叶,,,
f5494ded-6bcb-4f54-9435-ac5e1966fadc,全株,,,
f5494ded-6bcb-4f54-9435-ac5e1966fadc,茎;枝;芽,,,
f5494ded-6bcb-4f54-9435-ac5e1966fadc,茎,,,
f5494ded-6bcb-4f54-9435-ac5e1966fadc,花,,,
f5494ded-6bcb-4f54-9435-ac5e1966fadc,果实（包括果柄）,,,
f5494ded-6bcb-4f54-9435-ac5e1966fadc,根,,,
e0ef18c2-a6a8-4132-960c-58a4a8b829fb,全株,,,
617531e7-d6a4-4d98-a0d2-b2e35a4d095e,叶,,,
617531e7-d6a4-4d98-a0d2-b2e35a4d095e,果实（包括果柄）,,,
169a55dc-c8cb-4ad8-bcf8-256f576a54b0,枝,,,
169a55dc-c8cb-4ad8-bcf8-256f576a54b0,全株,,,
169a55dc-c8cb-4ad8-bcf8-256f576a54b0,果实（包括果柄）,,,
6d6c08b5-37a7-47de-acd6-9956241a5d62,全株,,,
550e55bd-bb5d-4f27-a304-1723833299c0,全株,,,
d5fc8481-8bf7-4739-9c31-e12cd6d5b922,叶,,,
d5fc8481-8bf7-4739-9c31-e12cd6d5b922,茎;枝;芽,,,
d5fc8481-8bf7-4739-9c31-e12cd6d5b922,根,,,
8374837d-5447-47eb-90d5-c93bbcc6a2bd,种苗;组培苗,,裸眼可见,
8374837d-5447-47eb-90d5-c93bbcc6a2bd,叶,,裸眼可见,
8374837d-5447-47eb-90d5-c93bbcc6a2bd,茎;枝;芽,,不可见,
8374837d-5447-47eb-90d5-c93bbcc6a2bd,花,,不可见,
8374837d-5447-47eb-90d5-c93bbcc6a2bd,果实（包括果柄）,,不可见,
8374837d-5447-47eb-90d5-c93bbcc6a2bd,根,,不可见,
51b52725-0159-4223-a401-3acf54ff723b,叶,,,
51b52725-0159-4223-a401-3acf54ff723b,茎;枝;芽,,,
51b52725-0159-4223-a401-3acf54ff723b,根,,,
8f895d8a-7655-44ed-b591-dbc502c054f3,叶,,,
8f895d8a-7655-44ed-b591-dbc502c054f3,茎;枝;芽,,,
8f895d8a-7655-44ed-b591-dbc502c054f3,根,,,
7814cee0-679f-44c9-948e-3c381745f740,叶,,,
7814cee0-679f-44c9-948e-3c381745f740,茎;枝;芽,,,
7814cee0-679f-44c9-948e-3c381745f740,根,,,
eec0baea-3927-4660-8918-3cf2a0a342ef,种子,种子,,
eec0baea-3927-4660-8918-3cf2a0a342ef,生长介质,种子,,
eec0baea-3927-4660-8918-3cf2a0a342ef,鳞球茎（包括鳞茎/块茎/块根）,,,
eec0baea-3927-4660-8918-3cf2a0a342ef,果实（包括果柄）,种子,,
4a67ef46-46a3-4225-894a-ffebaf21dcba,枝,,不可见,
4a67ef46-46a3-4225-894a-ffebaf21dcba,叶,,不可见,
4a67ef46-46a3-4225-894a-ffebaf21dcba,芽,,不可见,
4a67ef46-46a3-4225-894a-ffebaf21dcba,茎,,不可见,
4a67ef46-46a3-4225-894a-ffebaf21dcba,根,,不可见,
cb6909cd-8db2-432b-a7ab-bf2801c48834,果实（包括果柄）,,,
5c1e9dae-4f1d-442a-9a53-66d584392126,叶,,,
89eb0c78-058f-46fd-b195-b569082b94cc,种苗;组培苗,,裸眼可见,
89eb0c78-058f-46fd-b195-b569082b94cc,叶,,裸眼可见,
89eb0c78-058f-46fd-b195-b569082b94cc,茎;枝;芽,,不可见,
89eb0c78-058f-46fd-b195-b569082b94cc,花,,不可见,
89eb0c78-058f-46fd-b195-b569082b94cc,根,,不可见,
dd3ba768-3516-435e-8f86-3a1d132b3c5f,全株,,,
3054960f-d49e-4351-b005-28eef49b552d,叶,,,
b1b9478a-3d78-4184-bb61-59611317cb57,叶,,,
c5cf8a46-3dfc-4053-948e-2181347efcac,全株,,,
9956ca56-ee0b-4c28-bba8-ea301db1e28c,叶,,,
ad04b3c6-9ebb-4d16-be17-ae1398b0216c,种苗;组培苗,,裸眼可见,
ad04b3c6-9ebb-4d16-be17-ae1398b0216c,叶,,裸眼可见,
ad04b3c6-9ebb-4d16-be17-ae1398b0216c,茎;枝;芽,,裸眼可见,
ad04b3c6-9ebb-4d16-be17-ae1398b0216c,花,,不可见,
ad04b3c6-9ebb-4d16-be17-ae1398b0216c,果实（包括果柄）,,裸眼可见,
ad04b3c6-9ebb-4d16-be17-ae1398b0216c,根,,不可见,
7aac2c99-8c82-41df-a13c-e32ebc027c60,种子,,,
7aac2c99-8c82-41df-a13c-e32ebc027c60,种苗;组培苗,,,
7aac2c99-8c82-41df-a13c-e32ebc027c60,叶,,,
7aac2c99-8c82-41df-a13c-e32ebc027c60,茎;枝;芽,,,
7aac2c99-8c82-41df-a13c-e32ebc027c60,花,,,
7aac2c99-8c82-41df-a13c-e32ebc027c60,根,,,
fb257902-f75d-4504-8c10-4a73135cda03,叶,,裸眼可见,
c015ae98-e310-4d26-be2d-a1bb38a7b90f,叶,,,
c015ae98-e310-4d26-be2d-a1bb38a7b90f,全株,,,
c015ae98-e310-4d26-be2d-a1bb38a7b90f,果实（包括果柄）,,,
39fe6370-043c-4b6f-bed2-3cb54714b0d5,叶,卵/幼虫/若虫/蛹/成虫,光学显微镜可见,
39fe6370-043c-4b6f-bed2-3cb54714b0d5,花,卵/幼虫/若虫/蛹/成虫,光学显微镜可见,
39fe6370-043c-4b6f-bed2-3cb54714b0d5,果实（包括果柄）,卵/幼虫/若虫/蛹/成虫,光学显微镜可见,
02dd3141-35a9-4d8d-bd57-a158a139d6a0,枝,,,
eb413f5e-5e6b-4474-8843-ed1028e1fdfe,叶,幼虫,,
188145ff-76c0-4bf3-97e1-1b8d16db3329,种子,种子,,
188145ff-76c0-4bf3-97e1-1b8d16db3329,生长介质,根,,
188145ff-76c0-4bf3-97e1-1b8d16db3329,花,种子,,
188145ff-76c0-4bf3-97e1-1b8d16db3329,果实（包括果柄）,种子,,
dfd6ed36-d6a8-4b07-a595-dac6f5ccf53d,种子,,,
dfd6ed36-d6a8-4b07-a595-dac6f5ccf53d,种苗;组培苗,卵/幼虫,裸眼可见,
dfd6ed36-d6a8-4b07-a595-dac6f5ccf53d,叶,,,
dfd6ed36-d6a8-4b07-a595-dac6f5ccf53d,树皮,卵/幼虫/蛹,,
dfd6ed36-d6a8-4b07-a595-dac6f5ccf53d,生长介质,成虫,,
dfd6ed36-d6a8-4b07-a595-dac6f5ccf53d,木材,卵/幼虫/蛹,,
dfd6ed36-d6a8-4b07-a595-dac6f5ccf53d,茎;枝;芽,卵/幼虫/蛹,裸眼可见,
dfd6ed36-d6a8-4b07-a595-dac6f5ccf53d,花,,,
dfd6ed36-d6a8-4b07-a595-dac6f5ccf53d,果实（包括果柄）,,,
dfd6ed36-d6a8-4b07-a595-dac6f5ccf53d,根,卵/幼虫/蛹,裸眼可见,
3ed204ff-73de-4a98-9776-66293938498a,种子,种子,,
3ed204ff-73de-4a98-9776-66293938498a,叶,种子,,
3ed204ff-73de-4a98-9776-66293938498a,茎;枝;芽,种子,,
8823ea86-616e-4c36-80fc-399446569b5d,全株,,,
f803677f-5c4a-4f4d-a29d-8c6749b2c15e,茎;枝;芽,,,
11f3a067-05a4-488a-bd61-53189694b2a5,全株,,,
8191979b-1582-43ee-b893-087eee71845c,叶,幼虫,裸眼可见,
8191979b-1582-43ee-b893-087eee71845c,生长介质,幼虫/蛹,裸眼可见,
8191979b-1582-43ee-b893-087eee71845c,茎;枝;芽,,,
8191979b-1582-43ee-b893-087eee71845c,果实（包括果柄）,,,
176bd3d1-3d81-4bd0-97df-61ef4606f99f,全株,,,
8fe022d0-fdde-4432-82da-1ac9876ca925,全株,,,
046c72b3-f398-424d-a7c0-a28104e986b8,种子,,裸眼可见,
046c72b3-f398-424d-a7c0-a28104e986b8,种苗;组培苗,,不可见,
046c72b3-f398-424d-a7c0-a28104e986b8,叶,,,
046c72b3-f398-424d-a7c0-a28104e986b8,茎;枝;芽,,裸眼可见,
046c72b3-f398-424d-a7c0-a28104e986b8,花,,,
046c72b3-f398-424d-a7c0-a28104e986b8,果实（包括果柄）,,裸眼可见,
046c72b3-f398-424d-a7c0-a28104e986b8,根,,,
b2374979-8b23-4250-b167-b08ae153e3b5,叶,,,
b2374979-8b23-4250-b167-b08ae153e3b5,茎;枝;芽,,,
b2374979-8b23-4250-b167-b08ae153e3b5,花,,,
93e8776a-d885-487f-b4d4-5821a93da551,叶,,,
d8bf658d-d30d-4065-8b84-7bf0377e8564,种子,孢子/菌丝,不可见,
d8bf658d-d30d-4065-8b84-7bf0377e8564,叶,,,
d8bf658d-d30d-4065-8b84-7bf0377e8564,生长介质,菌丝/子实体,不可见,
d8bf658d-d30d-4065-8b84-7bf0377e8564,茎;枝;芽,菌丝/子实体,裸眼可见,
d8bf658d-d30d-4065-8b84-7bf0377e8564,花,,,
d8bf658d-d30d-4065-8b84-7bf0377e8564,果实（包括果柄）,菌丝/子实体,裸眼可见,
832e3be0-e79d-42bc-92d8-daa37204bbfa,种子,,,
832e3be0-e79d-42bc-92d8-daa37204bbfa,种苗;组培苗,,,
832e3be0-e79d-42bc-92d8-daa37204bbfa,叶,,,
832e3be0-e79d-42bc-92d8-daa37204bbfa,茎;枝;芽,,,
832e3be0-e79d-42bc-92d8-daa37204bbfa,花,,,
832e3be0-e79d-42bc-92d8-daa37204bbfa,果实（包括果柄）,,,
832e3be0-e79d-42bc-92d8-daa37204bbfa,根,,,
108be5f8-d290-4f45-bc28-2cee3bb7f8d5,全株,,,
165ac9cc-6008-4d0b-8800-d6bec099cab6,叶,,,
af8fbac5-ac2a-49aa-9a88-552eb879bab0,全株,,,
1d8cb190-f895-4667-8757-7fb1a4f50b13,种子,,,
1d8cb190-f895-4667-8757-7fb1a4f50b13,种苗;组培苗,,,
1d8cb190-f895-4667-8757-7fb1a4f50b13,叶,,,
1d8cb190-f895-4667-8757-7fb1a4f50b13,茎;枝;芽,,,
1d8cb190-f895-4667-8757-7fb1a4f50b13,花,,,
1d8cb190-f895-4667-8757-7fb1a4f50b13,果实（包括果柄）,,,
1d8cb190-f895-4667-8757-7fb1a4f50b13,根,,,
09d10361-be71-45a7-b92f-21548a3dea8d,全株,,,
b2bb0835-62fc-49c8-aae5-58f1e5725941,种苗;组培苗,,裸眼可见,
b2bb0835-62fc-49c8-aae5-58f1e5725941,叶,,裸眼可见,
b2bb0835-62fc-49c8-aae5-58f1e5725941,茎;枝;芽,,裸眼可见,
b2bb0835-62fc-49c8-aae5-58f1e5725941,花,,不可见,
b2bb0835-62fc-49c8-aae5-58f1e5725941,根,,不可见,
bc64e12a-63dd-49e2-8552-cbe2d1bc4456,种子,,,
bc64e12a-63dd-49e2-8552-cbe2d1bc4456,种苗;组培苗,,,
bc64e12a-63dd-49e2-8552-cbe2d1bc4456,叶,,,
bc64e12a-63dd-49e2-8552-cbe2d1bc4456,茎;枝;芽,,,
bc64e12a-63dd-49e2-8552-cbe2d1bc4456,花,,,
bc64e12a-63dd-49e2-8552-cbe2d1bc4456,果实（包括果柄）,,,
bc64e12a-63dd-49e2-8552-cbe2d1bc4456,根,,,
058cf25b-4734-4362-815b-54f3df205798,茎;枝;芽,,,
3d084fff-f4f3-4d4a-9a1e-c7728ad11108,种子,,,
3d084fff-f4f3-4d4a-9a1e-c7728ad11108,种苗;组培苗,,裸眼可见,
3d084fff-f4f3-4d4a-9a1e-c7728ad11108,叶,,裸眼可见,
3d084fff-f4f3-4d4a-9a1e-c7728ad11108,茎;枝;芽,,不可见,
3d084fff-f4f3-4d4a-9a1e-c7728ad11108,花,,不可见,
3d084fff-f4f3-4d4a-9a1e-c7728ad11108,果实（包括果柄）,,,
3d084fff-f4f3-4d4a-9a1e-c7728ad11108,根,,不可见,
6c7a4443-b0a4-4984-9d8e-f6202f9f2837,树皮,卵,裸眼可见,
6c7a4443-b0a4-4984-9d8e-f6202f9f2837,木材,幼虫/蛹,裸眼可见,
6c7a4443-b0a4-4984-9d8e-f6202f9f2837,茎;枝;芽,卵/幼虫/蛹/成虫,裸眼可见,
6c7a4443-b0a4-4984-9d8e-f6202f9f2837,花,成虫,裸眼可见,
11d3b050-fdd8-4aa2-80e2-f69a304c777c,种子,,,
11d3b050-fdd8-4aa2-80e2-f69a304c777c,种苗;组培苗,,,
11d3b050-fdd8-4aa2-80e2-f69a304c777c,叶,,,
11d3b050-fdd8-4aa2-80e2-f69a304c777c,茎;枝;芽,,,
11d3b050-fdd8-4aa2-80e2-f69a304c777c,花,,,
11d3b050-fdd8-4aa2-80e2-f69a304c777c,果实（包括果柄）,,,
11d3b050-fdd8-4aa2-80e2-f69a304c777c,根,,,
c1f5bbf0-a520-4fdf-a090-c7f0ffd789d2,全株,,,
da9edcef-2598-4686-8840-d3ee26823300,全株,,,
1a311dd7-557c-45ac-89da-f78ac80e5eb0,种子,,,
1a311dd7-557c-45ac-89da-f78ac80e5eb0,种苗;组培苗,,裸眼可见,
1a311dd7-557c-45ac-89da-f78ac80e5eb0,叶,,裸眼可见,
1a311dd7-557c-45ac-89da-f78ac80e5eb0,茎;枝;芽,,,
1a311dd7-557c-45ac-89da-f78ac80e5eb0,花,,不可见,
1a311dd7-557c-45ac-89da-f78ac80e5eb0,果实（包括果柄）,,不可见,
1a311dd7-557c-45ac-89da-f78ac80e5eb0,根,,不可见,
c06dac62-ddd3-4012-a59d-3870b31fa120,种苗;组培苗,卵/幼虫/蛹/成虫,光学显微镜可见,
c06dac62-ddd3-4012-a59d-3870b31fa120,树皮,成虫,裸眼可见,
c06dac62-ddd3-4012-a59d-3870b31fa120,木材,卵/幼虫/蛹/成虫,光学显微镜可见,
c06dac62-ddd3-4012-a59d-3870b31fa120,茎;枝;芽,卵/幼虫/蛹/成虫,光学显微镜可见,
f365e2b4-542d-48d8-8351-8e7b00626ef1,种子,,,
f365e2b4-542d-48d8-8351-8e7b00626ef1,种苗;组培苗,,,
f365e2b4-542d-48d8-8351-8e7b00626ef1,叶,,,
f365e2b4-542d-48d8-8351-8e7b00626ef1,茎;枝;芽,,,
f365e2b4-542d-48d8-8351-8e7b00626ef1,花,,,
f365e2b4-542d-48d8-8351-8e7b00626ef1,果实（包括果柄）,,,
f365e2b4-542d-48d8-8351-8e7b00626ef1,根,,,
5e7ae3a2-2ffb-4a77-924f-2de943072e1a,种苗;组培苗,,不可见,
5e7ae3a2-2ffb-4a77-924f-2de943072e1a,叶,,不可见,
5e7ae3a2-2ffb-4a77-924f-2de943072e1a,鳞球茎（包括鳞茎/块茎/块根）,,不可见,
5e7ae3a2-2ffb-4a77-924f-2de943072e1a,茎;枝;芽,,不可见,
5e7ae3a2-2ffb-4a77-924f-2de943072e1a,花,,不可见,
5e7ae3a2-2ffb-4a77-924f-2de943072e1a,果实（包括果柄）,,不可见,
1be9ed46-2b4c-426b-8b7d-c3adcfd6ec16,全株,,,
c810f843-acf7-4e51-8db7-9f78e092d384,全株,,,
a1c18d60-8928-42b7-b698-11f3d72c3dbe,种子,,,
a1c18d60-8928-42b7-b698-11f3d72c3dbe,种苗;组培苗,,,
a1c18d60-8928-42b7-b698-11f3d72c3dbe,叶,,,
a1c18d60-8928-42b7-b698-11f3d72c3dbe,茎;枝;芽,,,
a1c18d60-8928-42b7-b698-11f3d72c3dbe,花,,,
a1c18d60-8928-42b7-b698-11f3d72c3dbe,果实（包括果柄）,,,
a1c18d60-8928-42b7-b698-11f3d72c3dbe,根,,,
33bdba41-1b2e-4ab2-8cff-44b4e0d35ec6,种子,,,
33bdba41-1b2e-4ab2-8cff-44b4e0d35ec6,种苗;组培苗,,,
33bdba41-1b2e-4ab2-8cff-44b4e0d35ec6,叶,,,
33bdba41-1b2e-4ab2-8cff-44b4e0d35ec6,茎;枝;芽,,,
33bdba41-1b2e-4ab2-8cff-44b4e0d35ec6,花,,,
33bdba41-1b2e-4ab2-8cff-44b4e0d35ec6,果实（包括果柄）,,,
33bdba41-1b2e-4ab2-8cff-44b4e0d35ec6,根,,,
5835478e-05ad-4fe8-a88e-084d209d7da7,种子,,,
5835478e-05ad-4fe8-a88e-084d209d7da7,种苗;组培苗,,,
5835478e-05ad-4fe8-a88e-084d209d7da7,叶,,,
5835478e-05ad-4fe8-a88e-084d209d7da7,茎;枝;芽,,,
5835478e-05ad-4fe8-a88e-084d209d7da7,花,,,
5835478e-05ad-4fe8-a88e-084d209d7da7,果实（包括果柄）,,,
5835478e-05ad-4fe8-a88e-084d209d7da7,根,,,
867590bf-1b6e-4468-9311-1c0bd21f841f,全株,,,
d2801601-e81b-4509-ba77-986886950ff3,种苗;组培苗,,不可见,
05a8fe63-1dc0-4bd6-b0e3-df15f75b2d2a,种子,,,
05a8fe63-1dc0-4bd6-b0e3-df15f75b2d2a,种苗;组培苗,,裸眼可见,
05a8fe63-1dc0-4bd6-b0e3-df15f75b2d2a,叶,,裸眼可见,
05a8fe63-1dc0-4bd6-b0e3-df15f75b2d2a,茎;枝;芽,,不可见,
05a8fe63-1dc0-4bd6-b0e3-df15f75b2d2a,花,,不可见,
05a8fe63-1dc0-4bd6-b0e3-df15f75b2d2a,果实（包括果柄）,,不可见,
05a8fe63-1dc0-4bd6-b0e3-df15f75b2d2a,根,,不可见,
669908b5-a999-4a86-b68b-c0b30b49f1c0,叶,,,
669908b5-a999-4a86-b68b-c0b30b49f1c0,根,,,
bed6c560-e8f6-4fcc-8c8d-07baa8e1b79c,全株,,,
37f5c5cd-e837-4490-8937-dc2710053540,全株,,,
d014187a-9816-4d0f-b6b6-7a6bf1ba34c7,叶,,,
7ed5b11e-c8cb-4e15-be99-fd9b442b3fb7,种苗;组培苗,,不可见,
7ed5b11e-c8cb-4e15-be99-fd9b442b3fb7,叶,,不可见,
7ed5b11e-c8cb-4e15-be99-fd9b442b3fb7,鳞球茎（包括鳞茎/块茎/块根）,,不可见,
7ed5b11e-c8cb-4e15-be99-fd9b442b3fb7,茎;枝;芽,,不可见,
7ed5b11e-c8cb-4e15-be99-fd9b442b3fb7,花,,不可见,
7ed5b11e-c8cb-4e15-be99-fd9b442b3fb7,果实（包括果柄）,,不可见,
7ed5b11e-c8cb-4e15-be99-fd9b442b3fb7,根,,不可见,
7f4d080f-b414-4781-bec6-e0db0ba44ba5,全株,,,
62bb0bb3-7c26-4b76-bd45-ecf08080cf4a,全株,,,
d81a8363-a253-427c-996b-69c4c8fd9fcd,种子,,,
d81a8363-a253-427c-996b-69c4c8fd9fcd,种苗;组培苗,,,
d81a8363-a253-427c-996b-69c4c8fd9fcd,叶,,,
d81a8363-a253-427c-996b-69c4c8fd9fcd,茎;枝;芽,,,
d81a8363-a253-427c-996b-69c4c8fd9fcd,花,,,
d81a8363-a253-427c-996b-69c4c8fd9fcd,根,,,
eafa72e6-f8fe-4a08-87c8-49fad84a706f,叶,,,
fa5640db-ac0e-458a-885a-979c4be6e973,种子,,,
fa5640db-ac0e-458a-885a-979c4be6e973,种苗;组培苗,,,
fa5640db-ac0e-458a-885a-979c4be6e973,叶,,,
fa5640db-ac0e-458a-885a-979c4be6e973,茎;枝;芽,,,
fa5640db-ac0e-458a-885a-979c4be6e973,花,,,
fa5640db-ac0e-458a-885a-979c4be6e973,果实（包括果柄）,,,
fa5640db-ac0e-458a-885a-979c4be6e973,根,,,
304ef50d-712c-42ea-8dda-a1a4f1fafaab,全株,,,
93bfb8fd-9f83-4686-8f7d-4eb80c25bf2f,种子,,,
93bfb8fd-9f83-4686-8f7d-4eb80c25bf2f,种苗;组培苗,,,
93bfb8fd-9f83-4686-8f7d-4eb80c25bf2f,叶,,,
93bfb8fd-9f83-4686-8f7d-4eb80c25bf2f,茎;枝;芽,,,
93bfb8fd-9f83-4686-8f7d-4eb80c25bf2f,花,,,
93bfb8fd-9f83-4686-8f7d-4eb80c25bf2f,根,,,
4d9aca56-7d81-4634-995c-79e24a3fc08a,叶,,,
dea42391-f1c7-415a-8107-c6d519cc276a,叶,,,
ce8a1db7-c6e6-42a7-a3c0-b3387ec80ed6,种子,,,
ce8a1db7-c6e6-42a7-a3c0-b3387ec80ed6,种苗;组培苗,,,
ce8a1db7-c6e6-42a7-a3c0-b3387ec80ed6,叶,,,
ce8a1db7-c6e6-42a7-a3c0-b3387ec80ed6,茎;枝;芽,,,
ce8a1db7-c6e6-42a7-a3c0-b3387ec80ed6,花,,,
ce8a1db7-c6e6-42a7-a3c0-b3387ec80ed6,果实（包括果柄）,,,
ce8a1db7-c6e6-42a7-a3c0-b3387ec80ed6,根,,,
93c90023-bc4c-4a55-83c3-a80c62d99887,种子,,,
93c90023-bc4c-4a55-83c3-a80c62d99887,种苗;组培苗,,,
93c90023-bc4c-4a55-83c3-a80c62d99887,叶,,,
93c90023-bc4c-4a55-83c3-a80c62d99887,茎;枝;芽,,,
93c90023-bc4c-4a55-83c3-a80c62d99887,花,,,
93c90023-bc4c-4a55-83c3-a80c62d99887,果实（包括果柄）,,,
93c90023-bc4c-4a55-83c3-a80c62d99887,根,,,
975567b0-4cbb-40d8-bb15-18ea838e1fd1,叶,,,
a2a08b9f-422e-4c26-9110-850c384cea9d,叶,,,
94e02c8d-6892-4aae-bc55-28af1d2a91f2,种子,,,
94e02c8d-6892-4aae-bc55-28af1d2a91f2,种苗;组培苗,,,
94e02c8d-6892-4aae-bc55-28af1d2a91f2,叶,,,
94e02c8d-6892-4aae-bc55-28af1d2a91f2,茎;枝;芽,,,
94e02c8d-6892-4aae-bc55-28af1d2a91f2,花,,,
94e02c8d-6892-4aae-bc55-28af1d2a91f2,果实（包括果柄）,,,
94e02c8d-6892-4aae-bc55-28af1d2a91f2,根,,,
8a12186d-3907-40ef-b47b-2ee2cc879492,叶,,,
8a12186d-3907-40ef-b47b-2ee2cc879492,茎;枝;芽,,,
88674fae-8762-44b7-9f6d-e635aa24ac50,种子,,,
88674fae-8762-44b7-9f6d-e635aa24ac50,种苗;组培苗,,,
88674fae-8762-44b7-9f6d-e635aa24ac50,叶,,,
88674fae-8762-44b7-9f6d-e635aa24ac50,花,,,
88674fae-8762-44b7-9f6d-e635aa24ac50,果实（包括果柄）,,,
88674fae-8762-44b7-9f6d-e635aa24ac50,根,,,
9cbeef41-fdc9-41b5-a487-10959af36579,全株,,,
67055843-4d56-40e5-8526-e191fdfb4f14,全株,,,
9275071a-b644-4549-97ee-8c9e6be6e4a5,种子,,,
9275071a-b644-4549-97ee-8c9e6be6e4a5,种苗;组培苗,,,
9275071a-b644-4549-97ee-8c9e6be6e4a5,叶,,,
9275071a-b644-4549-97ee-8c9e6be6e4a5,茎;枝;芽,,,
9275071a-b644-4549-97ee-8c9e6be6e4a5,花,,,
9275071a-b644-4549-97ee-8c9e6be6e4a5,根,,,
d96d34dd-7970-4a5d-9276-1fb5cbf2a096,全株,,,
e5e0d226-9b1d-4f8f-a0f3-7161d73afd4a,叶,,,
ccdc03c3-a644-4fc9-96ed-ca81b7d390fd,种子,,,
ccdc03c3-a644-4fc9-96ed-ca81b7d390fd,种苗;组培苗,,,
ccdc03c3-a644-4fc9-96ed-ca81b7d390fd,叶,,,
ccdc03c3-a644-4fc9-96ed-ca81b7d390fd,茎;枝;芽,,,
ccdc03c3-a644-4fc9-96ed-ca81b7d390fd,花,,,
ccdc03c3-a644-4fc9-96ed-ca81b7d390fd,果实（包括果柄）,,,
ccdc03c3-a644-4fc9-96ed-ca81b7d390fd,根,,,
83d11f87-8a52-4882-ac87-250728bac2bc,叶,,,
6f1212b9-d23c-4254-ab9b-cd59ed80a733,叶,,,
f18a3621-633d-4aa9-9d66-9c03606b82be,种子,,,
f18a3621-633d-4aa9-9d66-9c03606b82be,种苗;组培苗,,,
f18a3621-633d-4aa9-9d66-9c03606b82be,叶,,,
f18a3621-633d-4aa9-9d66-9c03606b82be,茎;枝;芽,,,
f18a3621-633d-4aa9-9d66-9c03606b82be,花,,,
f18a3621-633d-4aa9-9d66-9c03606b82be,果实（包括果柄）,,,
f18a3621-633d-4aa9-9d66-9c03606b82be,根,,,
66032699-d792-4cdc-a409-b3c0914a0eb4,叶,,,
93dd07db-d1ea-416a-8cca-d2028696e53c,种苗;组培苗,,裸眼可见,
93dd07db-d1ea-416a-8cca-d2028696e53c,叶,,裸眼可见,
93dd07db-d1ea-416a-8cca-d2028696e53c,茎;枝;芽,,不可见,
93dd07db-d1ea-416a-8cca-d2028696e53c,花,,裸眼可见,
93dd07db-d1ea-416a-8cca-d2028696e53c,果实（包括果柄）,,不可见,
93dd07db-d1ea-416a-8cca-d2028696e53c,根,,不可见,
674f586f-6bd3-4c37-bc8e-4006de569b30,全株,,,
08c0cdfb-6004-4d1d-a1a5-c466b76592e2,种子,,裸眼可见,
08c0cdfb-6004-4d1d-a1a5-c466b76592e2,种苗;组培苗,,裸眼可见,
08c0cdfb-6004-4d1d-a1a5-c466b76592e2,叶,,裸眼可见,
08c0cdfb-6004-4d1d-a1a5-c466b76592e2,树皮,,裸眼可见,
08c0cdfb-6004-4d1d-a1a5-c466b76592e2,生长介质,,裸眼可见,
08c0cdfb-6004-4d1d-a1a5-c466b76592e2,木材,,裸眼可见,
08c0cdfb-6004-4d1d-a1a5-c466b76592e2,鳞球茎（包括鳞茎/块茎/块根）,,裸眼可见,
08c0cdfb-6004-4d1d-a1a5-c466b76592e2,茎;枝;芽,,裸眼可见,
08c0cdfb-6004-4d1d-a1a5-c466b76592e2,花,,裸眼可见,
08c0cdfb-6004-4d1d-a1a5-c466b76592e2,果实（包括果柄）,,裸眼可见,
08c0cdfb-6004-4d1d-a1a5-c466b76592e2,根,,裸眼可见,
5b30ccdd-0924-4944-8e08-03003668f47d,全株,,,
d9cc786e-16ba-4241-bd92-aede4d904439,叶,,,
d9cc786e-16ba-4241-bd92-aede4d904439,果实（包括果柄）,,,
f82f01ee-8e00-4641-8b82-eb90a83f4297,叶,,,
f82f01ee-8e00-4641-8b82-eb90a83f4297,芽,,,
f82f01ee-8e00-4641-8b82-eb90a83f4297,根,,,
14ad3f02-07ca-47ac-82c4-5f5c783833f9,种子,,,
14ad3f02-07ca-47ac-82c4-5f5c783833f9,种苗;组培苗,,,
14ad3f02-07ca-47ac-82c4-5f5c783833f9,叶,,,
14ad3f02-07ca-47ac-82c4-5f5c783833f9,茎;枝;芽,,,
14ad3f02-07ca-47ac-82c4-5f5c783833f9,花,,,
14ad3f02-07ca-47ac-82c4-5f5c783833f9,果实（包括果柄）,,,
14ad3f02-07ca-47ac-82c4-5f5c783833f9,根,,,
42c384cb-1ae3-4079-bf02-640759c76524,种子,,,
42c384cb-1ae3-4079-bf02-640759c76524,种苗;组培苗,,,
42c384cb-1ae3-4079-bf02-640759c76524,叶,,,
42c384cb-1ae3-4079-bf02-640759c76524,茎;枝;芽,,,
42c384cb-1ae3-4079-bf02-640759c76524,花,,,
42c384cb-1ae3-4079-bf02-640759c76524,根,,,
e1991a40-00ed-4194-94b5-b9c85291be38,叶,,,
517f82bc-bbcc-4e58-8353-396c0980633e,叶,,,
9e19e9d5-1395-4892-84c9-02304009b527,全株,,,
6ad88fe9-d3a3-4395-8f42-97a54bd2fbb6,全株,,,
05cd272d-faca-4496-9302-b62030700264,种子,,,
05cd272d-faca-4496-9302-b62030700264,种苗;组培苗,,,
05cd272d-faca-4496-9302-b62030700264,叶,,,
05cd272d-faca-4496-9302-b62030700264,茎;枝;芽,,,
05cd272d-faca-4496-9302-b62030700264,花,,,
05cd272d-faca-4496-9302-b62030700264,果实（包括果柄）,,,
05cd272d-faca-4496-9302-b62030700264,根,,,
2d6c6cf3-0bc2-47b5-ab6c-bc72bb286ecb,叶,,,
2d6c6cf3-0bc2-47b5-ab6c-bc72bb286ecb,果实（包括果柄）,,,
d75a938c-0760-4123-a8fd-9179e7e24854,全株,,,
72378ff4-5cd1-404b-8050-7ad248215976,全株,,,
15164d8f-6c58-4131-95a7-ee598d145704,全株,,,
2b7f4dd6-be13-4888-865b-96c3ab4e0864,全株,,,
4d23842f-97b9-445a-867e-aa2bbd703875,叶,,,
7bf12d79-b9cb-4982-9c85-d8d1fa3021ee,全株,,,
2e297438-9759-4216-b7e1-22272430e187,全株,,,
577bbcd3-bafa-4f25-924b-2ba670539a6b,全株,,,
16976889-3d5c-414a-9da3-1b48d5aeceb7,叶,,,
16976889-3d5c-414a-9da3-1b48d5aeceb7,芽,,,
16976889-3d5c-414a-9da3-1b48d5aeceb7,全株,,,
16976889-3d5c-414a-9da3-1b48d5aeceb7,花,,,
5f36a610-7aa4-474d-9d15-be7c4e28dd9e,种子,幼虫,裸眼可见,
5f36a610-7aa4-474d-9d15-be7c4e28dd9e,果实（包括果柄）,,,
9236aa30-abe3-4ddf-9348-9888c82321b2,全株,,,
1ec3e6f1-ab83-46ad-9f21-03e316577e8b,全株,,,
971d2cc5-459d-4ada-8b9f-27fb7fcc777a,全株,,,
194efed9-2ca5-4bd3-87ee-20673b4ec44d,全株,,,
29c34d69-3478-4241-a523-1c7a2e9a186a,全株,,,
35e8682c-ed86-45c5-928d-31bd2dc25907,全株,,,
7f88056d-95d4-4f56-9c7c-68e3fe92642f,全株,,,
ce041c00-339e-4308-8815-bcab9f2e71bb,叶,,,
ce041c00-339e-4308-8815-bcab9f2e71bb,花,,,
54ca57e8-7328-44a4-872a-f3dbf84c8069,果实（包括果柄）,成虫,裸眼可见,
690bf645-351e-4270-bdb3-a6959b30db02,叶,,,
e2898166-b681-4a50-9bd1-c5d2ea0080b0,种苗;组培苗,,不可见,
e2898166-b681-4a50-9bd1-c5d2ea0080b0,叶,,不可见,
e2898166-b681-4a50-9bd1-c5d2ea0080b0,花,,不可见,
e2898166-b681-4a50-9bd1-c5d2ea0080b0,果实（包括果柄）,,不可见,
e2898166-b681-4a50-9bd1-c5d2ea0080b0,根,,不可见,
50599544-472e-47bd-a1b0-26e0ad26853a,全株,,,
4ee0a8d8-0d2e-4b6a-9aa5-62b60384688b,种子,,,
4ee0a8d8-0d2e-4b6a-9aa5-62b60384688b,种苗;组培苗,,,
4ee0a8d8-0d2e-4b6a-9aa5-62b60384688b,叶,,,
4ee0a8d8-0d2e-4b6a-9aa5-62b60384688b,花,,,
4ee0a8d8-0d2e-4b6a-9aa5-62b60384688b,果实（包括果柄）,,,
4ee0a8d8-0d2e-4b6a-9aa5-62b60384688b,根,,,
0344fd7b-3fb9-48f3-8147-c5defddbecc3,全株,,,
a60b22fe-cb41-4aa7-bbfc-38584b948b1e,叶,,,
f26a685b-4b70-4470-b634-725b9bc3c0e9,种子,,,
f26a685b-4b70-4470-b634-725b9bc3c0e9,种苗;组培苗,,不可见,
f26a685b-4b70-4470-b634-725b9bc3c0e9,叶,,裸眼可见,
f26a685b-4b70-4470-b634-725b9bc3c0e9,茎;枝;芽,,不可见,
f26a685b-4b70-4470-b634-725b9bc3c0e9,花,,,
f26a685b-4b70-4470-b634-725b9bc3c0e9,果实（包括果柄）,,,
f26a685b-4b70-4470-b634-725b9bc3c0e9,根,,,
92c1b395-c91b-402e-a4ae-28da7a3c4cc2,叶,,,
e9993793-ab92-4055-9800-7a2bfa1fff6c,种苗;组培苗,,裸眼可见,
e9993793-ab92-4055-9800-7a2bfa1fff6c,叶,,裸眼可见,
e9993793-ab92-4055-9800-7a2bfa1fff6c,茎;枝;芽,,不可见,
e9993793-ab92-4055-9800-7a2bfa1fff6c,花,,,
e9993793-ab92-4055-9800-7a2bfa1fff6c,果实（包括果柄）,,,
e9993793-ab92-4055-9800-7a2bfa1fff6c,根,,不可见,
c938c0fd-906c-4148-8429-824344d57e22,叶,,,
32b33a0b-9f02-4cd8-868f-4c363aaecd9a,叶,,裸眼可见,
32b33a0b-9f02-4cd8-868f-4c363aaecd9a,树皮,,不可见,
32b33a0b-9f02-4cd8-868f-4c363aaecd9a,木材,,不可见,
32b33a0b-9f02-4cd8-868f-4c363aaecd9a,茎;枝;芽,,不可见,
32b33a0b-9f02-4cd8-868f-4c363aaecd9a,花,,不可见,
32b33a0b-9f02-4cd8-868f-4c363aaecd9a,果实（包括果柄）,,裸眼可见,
32b33a0b-9f02-4cd8-868f-4c363aaecd9a,根,,不可见,
14332b31-f0ac-41bc-bc00-a139f6f5df6c,全株,,,
d8813f65-6ae9-47b6-a7bd-7b1a2391d8ba,叶,,,
b98ea2f8-2c37-4670-975c-ad197df178d9,全株,,,
92411ff8-91fa-46b5-98ea-60e5fbef1ff2,全株,,,
9c180926-d7cd-4ef7-8bb3-7384259c07ad,种子,,,
9c180926-d7cd-4ef7-8bb3-7384259c07ad,种苗;组培苗,,,
9c180926-d7cd-4ef7-8bb3-7384259c07ad,叶,,,
9c180926-d7cd-4ef7-8bb3-7384259c07ad,茎;枝;芽,,,
9c180926-d7cd-4ef7-8bb3-7384259c07ad,花,,,
9c180926-d7cd-4ef7-8bb3-7384259c07ad,根,,,
6183649d-c6ba-4352-82ec-4470efad78a4,叶,,,
9f4b8039-fd65-4356-9235-b2aad7feaede,叶,,,
c8982b07-813b-4555-9428-a1ebc0959979,全株,,,
f83b6ff3-0572-4efa-9075-f0eebe473a47,种子,,,
f83b6ff3-0572-4efa-9075-f0eebe473a47,种苗;组培苗,,,
f83b6ff3-0572-4efa-9075-f0eebe473a47,叶,,,
f83b6ff3-0572-4efa-9075-f0eebe473a47,茎;枝;芽,,,
f83b6ff3-0572-4efa-9075-f0eebe473a47,花,,,
f83b6ff3-0572-4efa-9075-f0eebe473a47,果实（包括果柄）,,,
f83b6ff3-0572-4efa-9075-f0eebe473a47,根,,,
d2a101a5-1548-460f-87c0-67c2793431d9,全株,,,
947b72e7-e53e-47b6-9c8c-c4d3b1298e25,种子,,不可见,
947b72e7-e53e-47b6-9c8c-c4d3b1298e25,种苗;组培苗,,不可见,
947b72e7-e53e-47b6-9c8c-c4d3b1298e25,叶,,不可见,
947b72e7-e53e-47b6-9c8c-c4d3b1298e25,鳞球茎（包括鳞茎/块茎/块根）,,不可见,
947b72e7-e53e-47b6-9c8c-c4d3b1298e25,花,,,
947b72e7-e53e-47b6-9c8c-c4d3b1298e25,根,,,
5ac8409d-7b3a-4d59-b8f4-db32f50e1e9d,种子,,不可见,
5ac8409d-7b3a-4d59-b8f4-db32f50e1e9d,种苗;组培苗,,不可见,
5ac8409d-7b3a-4d59-b8f4-db32f50e1e9d,叶,,不可见,
5ac8409d-7b3a-4d59-b8f4-db32f50e1e9d,鳞球茎（包括鳞茎/块茎/块根）,,不可见,
5ac8409d-7b3a-4d59-b8f4-db32f50e1e9d,茎;枝;芽,,不可见,
3c7178fa-97f0-4901-b080-8c1282799fa4,种子,,,
3c7178fa-97f0-4901-b080-8c1282799fa4,种苗;组培苗,,,
3c7178fa-97f0-4901-b080-8c1282799fa4,叶,,裸眼可见,
3c7178fa-97f0-4901-b080-8c1282799fa4,茎;枝;芽,,不可见,
3c7178fa-97f0-4901-b080-8c1282799fa4,花,,不可见,
3c7178fa-97f0-4901-b080-8c1282799fa4,果实（包括果柄）,,不可见,
3c7178fa-97f0-4901-b080-8c1282799fa4,根,,不可见,
2fda4191-b43f-486e-a66d-ac7a9236ead9,叶,,,
4a20b855-5aab-4caf-86c5-36293534206f,种子,,,
4a20b855-5aab-4caf-86c5-36293534206f,种苗;组培苗,,,
4a20b855-5aab-4caf-86c5-36293534206f,叶,,,
4a20b855-5aab-4caf-86c5-36293534206f,茎;枝;芽,,,
4a20b855-5aab-4caf-86c5-36293534206f,花,,,
4a20b855-5aab-4caf-86c5-36293534206f,果实（包括果柄）,,,
4a20b855-5aab-4caf-86c5-36293534206f,根,,,
0ba53640-91be-4f63-b299-cc2e165f17c1,叶,,,
1bf56214-1d18-4d7e-a9e5-55ab621ac403,种子,,,
1bf56214-1d18-4d7e-a9e5-55ab621ac403,种苗;组培苗,,,
1bf56214-1d18-4d7e-a9e5-55ab621ac403,叶,,,
1bf56214-1d18-4d7e-a9e5-55ab621ac403,花,,,
1bf56214-1d18-4d7e-a9e5-55ab621ac403,根,,,
430213e9-9576-4c06-9949-082f2076f4ed,种子,,,
430213e9-9576-4c06-9949-082f2076f4ed,种苗;组培苗,,,
430213e9-9576-4c06-9949-082f2076f4ed,叶,,,
430213e9-9576-4c06-9949-082f2076f4ed,茎;枝;芽,,,
430213e9-9576-4c06-9949-082f2076f4ed,花,,,
430213e9-9576-4c06-9949-082f2076f4ed,根,,,
66dbeeff-5c7e-4e24-8623-edbe0857c2ae,种子,,,
66dbeeff-5c7e-4e24-8623-edbe0857c2ae,种苗;组培苗,,,
66dbeeff-5c7e-4e24-8623-edbe0857c2ae,叶,,,
66dbeeff-5c7e-4e24-8623-edbe0857c2ae,茎;枝;芽,,,
66dbeeff-5c7e-4e24-8623-edbe0857c2ae,花,,,
66dbeeff-5c7e-4e24-8623-edbe0857c2ae,根,,,
6407ccf4-4c8c-47ed-8df5-de4f8cdde3aa,种子,,,
6407ccf4-4c8c-47ed-8df5-de4f8cdde3aa,种苗;组培苗,,,
6407ccf4-4c8c-47ed-8df5-de4f8cdde3aa,叶,,,
6407ccf4-4c8c-47ed-8df5-de4f8cdde3aa,全株,,,
6407ccf4-4c8c-47ed-8df5-de4f8cdde3aa,茎;枝;芽,,,
6407ccf4-4c8c-47ed-8df5-de4f8cdde3aa,花,,,
6407ccf4-4c8c-47ed-8df5-de4f8cdde3aa,果实（包括果柄）,,,
6407ccf4-4c8c-47ed-8df5-de4f8cdde3aa,根,,,
12290dd1-2b82-4437-8f68-1e5f9a995cd0,种子,,不可见,
12290dd1-2b82-4437-8f68-1e5f9a995cd0,种苗;组培苗,,不可见,
12290dd1-2b82-4437-8f68-1e5f9a995cd0,叶,,不可见,
12290dd1-2b82-4437-8f68-1e5f9a995cd0,茎;枝;芽,,不可见,
b983428b-3a3a-478c-bfaa-940e90c76616,叶,,,
46f136fd-7c57-4ec2-acc4-0b42acdecc51,种子,,,
46f136fd-7c57-4ec2-acc4-0b42acdecc51,种苗;组培苗,,,
46f136fd-7c57-4ec2-acc4-0b42acdecc51,叶,,,
46f136fd-7c57-4ec2-acc4-0b42acdecc51,全株,,,
46f136fd-7c57-4ec2-acc4-0b42acdecc51,茎;枝;芽,,,
46f136fd-7c57-4ec2-acc4-0b42acdecc51,茎,,,
46f136fd-7c57-4ec2-acc4-0b42acdecc51,花,,,
46f136fd-7c57-4ec2-acc4-0b42acdecc51,果实（包括果柄）,,,
46f136fd-7c57-4ec2-acc4-0b42acdecc51,根,,,
c4e694ce-41d2-4604-8f48-3c3dab8f0918,种子,,,
c4e694ce-41d2-4604-8f48-3c3dab8f0918,种苗;组培苗,,,
c4e694ce-41d2-4604-8f48-3c3dab8f0918,叶,,,
c4e694ce-41d2-4604-8f48-3c3dab8f0918,茎;枝;芽,,,
c4e694ce-41d2-4604-8f48-3c3dab8f0918,花,,,
c4e694ce-41d2-4604-8f48-3c3dab8f0918,根,,,
1c3e93e4-009d-46b0-8526-a43c300ad4fd,种子,,,
1c3e93e4-009d-46b0-8526-a43c300ad4fd,种苗;组培苗,,,
1c3e93e4-009d-46b0-8526-a43c300ad4fd,叶,,,
1c3e93e4-009d-46b0-8526-a43c300ad4fd,茎;枝;芽,,,
1c3e93e4-009d-46b0-8526-a43c300ad4fd,花,,,
1c3e93e4-009d-46b0-8526-a43c300ad4fd,果实（包括果柄）,,,
1c3e93e4-009d-46b0-8526-a43c300ad4fd,根,,,
3165a841-e1d7-492b-863f-61e109ce3e07,种子,,,
3165a841-e1d7-492b-863f-61e109ce3e07,种苗;组培苗,,,
3165a841-e1d7-492b-863f-61e109ce3e07,叶,,不可见,
3165a841-e1d7-492b-863f-61e109ce3e07,茎;枝;芽,,不可见,
3165a841-e1d7-492b-863f-61e109ce3e07,花,,,
3165a841-e1d7-492b-863f-61e109ce3e07,果实（包括果柄）,,不可见,
3165a841-e1d7-492b-863f-61e109ce3e07,根,,不可见,
48a04fd1-a6cc-4fe3-a990-4904395fcd15,全株,,,
283003a1-31a1-42cf-8ccf-14e66659585b,种子,,不可见,
283003a1-31a1-42cf-8ccf-14e66659585b,种苗;组培苗,,裸眼可见,
283003a1-31a1-42cf-8ccf-14e66659585b,叶,,裸眼可见,
283003a1-31a1-42cf-8ccf-14e66659585b,树皮,,不可见,
283003a1-31a1-42cf-8ccf-14e66659585b,木材,,不可见,
283003a1-31a1-42cf-8ccf-14e66659585b,茎;枝;芽,,裸眼可见,
283003a1-31a1-42cf-8ccf-14e66659585b,花,,,
283003a1-31a1-42cf-8ccf-14e66659585b,果实（包括果柄）,,,
283003a1-31a1-42cf-8ccf-14e66659585b,根,,不可见,
62ba9be5-ab21-4578-a1b2-fc9a5f64fcc6,种子,,,
62ba9be5-ab21-4578-a1b2-fc9a5f64fcc6,种苗;组培苗,,,
62ba9be5-ab21-4578-a1b2-fc9a5f64fcc6,叶,,,
62ba9be5-ab21-4578-a1b2-fc9a5f64fcc6,茎;枝;芽,,,
62ba9be5-ab21-4578-a1b2-fc9a5f64fcc6,花,,,
62ba9be5-ab21-4578-a1b2-fc9a5f64fcc6,果实（包括果柄）,,,
62ba9be5-ab21-4578-a1b2-fc9a5f64fcc6,根,,,
cb22b6a5-9e65-4767-96e3-234c799e69c3,种子,,,
cb22b6a5-9e65-4767-96e3-234c799e69c3,种苗;组培苗,,,
cb22b6a5-9e65-4767-96e3-234c799e69c3,叶,,,
cb22b6a5-9e65-4767-96e3-234c799e69c3,花,,,
cb22b6a5-9e65-4767-96e3-234c799e69c3,果实（包括果柄）,,,
cb22b6a5-9e65-4767-96e3-234c799e69c3,根,,,
2832b432-c19e-4e96-ba97-52cf3f738ac1,种子,,,
2832b432-c19e-4e96-ba97-52cf3f738ac1,种苗;组培苗,,,
2832b432-c19e-4e96-ba97-52cf3f738ac1,叶,,,
2832b432-c19e-4e96-ba97-52cf3f738ac1,茎;枝;芽,,,
2832b432-c19e-4e96-ba97-52cf3f738ac1,花,,,
2832b432-c19e-4e96-ba97-52cf3f738ac1,果实（包括果柄）,,,
2832b432-c19e-4e96-ba97-52cf3f738ac1,根,,,
5ca82a12-0dca-4f2a-8aab-50e1ab244ad1,种子,,,
5ca82a12-0dca-4f2a-8aab-50e1ab244ad1,种苗;组培苗,,,
5ca82a12-0dca-4f2a-8aab-50e1ab244ad1,叶,,,
5ca82a12-0dca-4f2a-8aab-50e1ab244ad1,茎;枝;芽,,,
5ca82a12-0dca-4f2a-8aab-50e1ab244ad1,花,,,
5ca82a12-0dca-4f2a-8aab-50e1ab244ad1,果实（包括果柄）,,,
5ca82a12-0dca-4f2a-8aab-50e1ab244ad1,根,,,
59f45c7f-18ba-4944-995f-ccee3ec4c013,种子,,,
59f45c7f-18ba-4944-995f-ccee3ec4c013,种苗;组培苗,,,
59f45c7f-18ba-4944-995f-ccee3ec4c013,叶,,,
59f45c7f-18ba-4944-995f-ccee3ec4c013,花,,,
59f45c7f-18ba-4944-995f-ccee3ec4c013,果实（包括果柄）,,,
59f45c7f-18ba-4944-995f-ccee3ec4c013,根,,,
32b0d524-6059-4f96-b4d2-1c5a989b9544,叶,,,
6de2fc5f-eab5-4e64-a300-eb59b4a4c2f0,种子,,,
6de2fc5f-eab5-4e64-a300-eb59b4a4c2f0,种苗;组培苗,,,
6de2fc5f-eab5-4e64-a300-eb59b4a4c2f0,叶,,,
6de2fc5f-eab5-4e64-a300-eb59b4a4c2f0,茎;枝;芽,,,
6de2fc5f-eab5-4e64-a300-eb59b4a4c2f0,花,,,
6de2fc5f-eab5-4e64-a300-eb59b4a4c2f0,果实（包括果柄）,,,
6de2fc5f-eab5-4e64-a300-eb59b4a4c2f0,根,,,
d2d0ff99-c0dd-4929-9b09-bdef8e5cb9bd,全株,,,
a3bc7b7a-0fd8-494e-be13-60b12d066aec,叶,,,
8a8417ec-1413-485c-87d3-04ee816a57e2,种子,,,
8a8417ec-1413-485c-87d3-04ee816a57e2,种苗;组培苗,,,
8a8417ec-1413-485c-87d3-04ee816a57e2,叶,,,
8a8417ec-1413-485c-87d3-04ee816a57e2,茎;枝;芽,,,
8a8417ec-1413-485c-87d3-04ee816a57e2,花,,,
8a8417ec-1413-485c-87d3-04ee816a57e2,根,,,
2393f7e5-3c5d-49d4-9ba6-ca1e4db82aea,种子,,,
2393f7e5-3c5d-49d4-9ba6-ca1e4db82aea,种苗;组培苗,,,
2393f7e5-3c5d-49d4-9ba6-ca1e4db82aea,叶,,,
2393f7e5-3c5d-49d4-9ba6-ca1e4db82aea,茎;枝;芽,,,
2393f7e5-3c5d-49d4-9ba6-ca1e4db82aea,花,,,
2393f7e5-3c5d-49d4-9ba6-ca1e4db82aea,果实（包括果柄）,,,
2393f7e5-3c5d-49d4-9ba6-ca1e4db82aea,根,,,
6c9c1d55-40b5-4dde-a7c6-5c774afeeb88,种子,,,
6c9c1d55-40b5-4dde-a7c6-5c774afeeb88,种苗;组培苗,,,
6c9c1d55-40b5-4dde-a7c6-5c774afeeb88,叶,,,
6c9c1d55-40b5-4dde-a7c6-5c774afeeb88,茎;枝;芽,,,
6c9c1d55-40b5-4dde-a7c6-5c774afeeb88,花,,,
6c9c1d55-40b5-4dde-a7c6-5c774afeeb88,果实（包括果柄）,,,
6c9c1d55-40b5-4dde-a7c6-5c774afeeb88,根,,,
d212ce85-bcb1-432f-8943-a5d4546a68c0,种子,,,
d212ce85-bcb1-432f-8943-a5d4546a68c0,种苗;组培苗,,,
d212ce85-bcb1-432f-8943-a5d4546a68c0,叶,,,
d212ce85-bcb1-432f-8943-a5d4546a68c0,茎;枝;芽,,,
d212ce85-bcb1-432f-8943-a5d4546a68c0,花,,,
d212ce85-bcb1-432f-8943-a5d4546a68c0,果实（包括果柄）,,,
d212ce85-bcb1-432f-8943-a5d4546a68c0,根,,,
97d6d539-1a08-4e33-a685-4a77a424f1f5,种子,,,
97d6d539-1a08-4e33-a685-4a77a424f1f5,种苗;组培苗,,,
97d6d539-1a08-4e33-a685-4a77a424f1f5,叶,,,
97d6d539-1a08-4e33-a685-4a77a424f1f5,花,,,
97d6d539-1a08-4e33-a685-4a77a424f1f5,果实（包括果柄）,,,
97d6d539-1a08-4e33-a685-4a77a424f1f5,根,,,
f3dfa38c-d039-4186-8a03-4068b0d2fd02,种子,,,
f3dfa38c-d039-4186-8a03-4068b0d2fd02,种苗;组培苗,,,
f3dfa38c-d039-4186-8a03-4068b0d2fd02,叶,,,
f3dfa38c-d039-4186-8a03-4068b0d2fd02,茎;枝;芽,,,
f3dfa38c-d039-4186-8a03-4068b0d2fd02,花,,,
f3dfa38c-d039-4186-8a03-4068b0d2fd02,果实（包括果柄）,,,
f3dfa38c-d039-4186-8a03-4068b0d2fd02,根,,,
fe903cf5-a1b3-4772-a1d1-bb6d34f350e9,种子,,,
fe903cf5-a1b3-4772-a1d1-bb6d34f350e9,种苗;组培苗,,,
fe903cf5-a1b3-4772-a1d1-bb6d34f350e9,叶,,,
fe903cf5-a1b3-4772-a1d1-bb6d34f350e9,茎;枝;芽,,,
fe903cf5-a1b3-4772-a1d1-bb6d34f350e9,花,,,
fe903cf5-a1b3-4772-a1d1-bb6d34f350e9,果实（包括果柄）,,,
fe903cf5-a1b3-4772-a1d1-bb6d34f350e9,根,,,
260eec0d-a531-4a33-917b-1accdb2ea0ae,木材,幼虫/蛹/成虫,裸眼可见,
260eec0d-a531-4a33-917b-1accdb2ea0ae,茎;枝;芽,卵/幼虫/蛹/成虫,不可见,
fd9ee606-6742-4eca-af44-5028452e5075,种子,种子,,
322b462e-3ca3-4d3d-9ca7-15a5de40d3b7,叶,,,
4dc76f6b-6c36-439f-be84-732db2a9346d,种子,,,
4dc76f6b-6c36-439f-be84-732db2a9346d,种苗;组培苗,,,
4dc76f6b-6c36-439f-be84-732db2a9346d,叶,,,
4dc76f6b-6c36-439f-be84-732db2a9346d,茎;枝;芽,,,
4dc76f6b-6c36-439f-be84-732db2a9346d,花,,,
4dc76f6b-6c36-439f-be84-732db2a9346d,果实（包括果柄）,,,
4dc76f6b-6c36-439f-be84-732db2a9346d,根,,,
44d62c64-36c9-4ae5-ae2f-6b8e6de51281,全株,,,
8c6e794a-7969-4768-8a11-f03b0e5ff6ac,种子,,,
8c6e794a-7969-4768-8a11-f03b0e5ff6ac,种苗;组培苗,,裸眼可见,
8c6e794a-7969-4768-8a11-f03b0e5ff6ac,叶,,裸眼可见,
8c6e794a-7969-4768-8a11-f03b0e5ff6ac,鳞球茎（包括鳞茎/块茎/块根）,,不可见,
8c6e794a-7969-4768-8a11-f03b0e5ff6ac,茎;枝;芽,,不可见,
8c6e794a-7969-4768-8a11-f03b0e5ff6ac,花,,不可见,
8c6e794a-7969-4768-8a11-f03b0e5ff6ac,果实（包括果柄）,,不可见,
8c6e794a-7969-4768-8a11-f03b0e5ff6ac,根,,不可见,
ecf46dcc-2941-4408-8f53-c52fa3553f78,全株,,,
3ac22556-ff40-4716-afd4-9b31c333f46e,全株,,,
f2a248ec-222c-4ce8-8198-8d39d6a953a1,叶,,,
f79472d8-3074-4cc4-b43d-cdf6235fd1c8,全株,,,
dd258eba-e489-4510-ac40-1cdd4be7ac5b,全株,,,
8d82655d-abc3-4734-a683-b62d01ca30eb,种苗;组培苗,,不可见,
8d82655d-abc3-4734-a683-b62d01ca30eb,叶,,不可见,
8d82655d-abc3-4734-a683-b62d01ca30eb,鳞球茎（包括鳞茎/块茎/块根）,,不可见,
8d82655d-abc3-4734-a683-b62d01ca30eb,茎;枝;芽,,不可见,
e4ffee07-acb1-4fd8-a340-256e02947859,全株,,,
26172ac4-348f-421b-aebb-14a856a077bd,种子,,,
26172ac4-348f-421b-aebb-14a856a077bd,种苗;组培苗,,,
26172ac4-348f-421b-aebb-14a856a077bd,叶,,,
26172ac4-348f-421b-aebb-14a856a077bd,茎;枝;芽,,,
26172ac4-348f-421b-aebb-14a856a077bd,花,,,
26172ac4-348f-421b-aebb-14a856a077bd,果实（包括果柄）,,,
26172ac4-348f-421b-aebb-14a856a077bd,根,,,
3457f7e6-a1e0-4bd6-815a-195fda420742,种子,,,
3457f7e6-a1e0-4bd6-815a-195fda420742,种苗;组培苗,,,
3457f7e6-a1e0-4bd6-815a-195fda420742,叶,,,
3457f7e6-a1e0-4bd6-815a-195fda420742,茎;枝;芽,,,
3457f7e6-a1e0-4bd6-815a-195fda420742,花,,,
3457f7e6-a1e0-4bd6-815a-195fda420742,果实（包括果柄）,,,
3457f7e6-a1e0-4bd6-815a-195fda420742,根,,,
0e47e93e-908f-4284-b638-ea2aed7006f8,种子,,,
0e47e93e-908f-4284-b638-ea2aed7006f8,种苗;组培苗,,裸眼可见,
0e47e93e-908f-4284-b638-ea2aed7006f8,叶,,裸眼可见,
0e47e93e-908f-4284-b638-ea2aed7006f8,鳞球茎（包括鳞茎/块茎/块根）,,不可见,
0e47e93e-908f-4284-b638-ea2aed7006f8,茎;枝;芽,,不可见,
0e47e93e-908f-4284-b638-ea2aed7006f8,花,,不可见,
0e47e93e-908f-4284-b638-ea2aed7006f8,果实（包括果柄）,,不可见,
0e47e93e-908f-4284-b638-ea2aed7006f8,根,,不可见,
f7d04864-885c-4937-bec2-13e995c97fbc,种子,,,
f7d04864-885c-4937-bec2-13e995c97fbc,种苗;组培苗,,,
f7d04864-885c-4937-bec2-13e995c97fbc,叶,,,
f7d04864-885c-4937-bec2-13e995c97fbc,茎;枝;芽,,,
f7d04864-885c-4937-bec2-13e995c97fbc,花,,,
f7d04864-885c-4937-bec2-13e995c97fbc,果实（包括果柄）,,,
f7d04864-885c-4937-bec2-13e995c97fbc,根,,,
94994e51-141e-46cd-8bc6-f4705558cafa,种子,,,
94994e51-141e-46cd-8bc6-f4705558cafa,种苗;组培苗,,,
94994e51-141e-46cd-8bc6-f4705558cafa,叶,,,
94994e51-141e-46cd-8bc6-f4705558cafa,茎;枝;芽,,,
94994e51-141e-46cd-8bc6-f4705558cafa,花,,,
94994e51-141e-46cd-8bc6-f4705558cafa,果实（包括果柄）,,,
94994e51-141e-46cd-8bc6-f4705558cafa,根,,,
12158e53-4e13-4793-b62f-f61ae7e1707f,种子,,,
12158e53-4e13-4793-b62f-f61ae7e1707f,种苗;组培苗,,,
12158e53-4e13-4793-b62f-f61ae7e1707f,叶,,,
12158e53-4e13-4793-b62f-f61ae7e1707f,茎;枝;芽,,,
12158e53-4e13-4793-b62f-f61ae7e1707f,花,,,
12158e53-4e13-4793-b62f-f61ae7e1707f,果实（包括果柄）,,,
12158e53-4e13-4793-b62f-f61ae7e1707f,根,,,
3ac0607d-49fa-4df5-ac28-d25c612e181c,叶,,,
3ac0607d-49fa-4df5-ac28-d25c612e181c,茎;枝;芽,,,
49730529-7b4e-449e-8f14-318b949817a8,全株,,,
497b83c0-276d-4617-ad49-9f3a6bd5a70e,全株,,,
88fd965c-30a8-4ab1-b461-31e4bbfbc06f,种子,,,
88fd965c-30a8-4ab1-b461-31e4bbfbc06f,种苗;组培苗,,,
88fd965c-30a8-4ab1-b461-31e4bbfbc06f,叶,,,
88fd965c-30a8-4ab1-b461-31e4bbfbc06f,茎;枝;芽,,,
88fd965c-30a8-4ab1-b461-31e4bbfbc06f,花,,,
88fd965c-30a8-4ab1-b461-31e4bbfbc06f,果实（包括果柄）,,,
88fd965c-30a8-4ab1-b461-31e4bbfbc06f,根,,,
e978fa1f-b1ad-4449-b527-74c8bcdf44af,种子,,,
e978fa1f-b1ad-4449-b527-74c8bcdf44af,种苗;组培苗,,裸眼可见,
e978fa1f-b1ad-4449-b527-74c8bcdf44af,叶,,裸眼可见,
e978fa1f-b1ad-4449-b527-74c8bcdf44af,茎;枝;芽,,不可见,
e978fa1f-b1ad-4449-b527-74c8bcdf44af,花,,不可见,
e978fa1f-b1ad-4449-b527-74c8bcdf44af,果实（包括果柄）,,裸眼可见,
e978fa1f-b1ad-4449-b527-74c8bcdf44af,根,,不可见,
e5acfe36-d5f2-4115-b9cd-2ccfce7ce907,种苗;组培苗,,裸眼可见,
e5acfe36-d5f2-4115-b9cd-2ccfce7ce907,叶,,裸眼可见,
e5acfe36-d5f2-4115-b9cd-2ccfce7ce907,茎;枝;芽,,不可见,
e5acfe36-d5f2-4115-b9cd-2ccfce7ce907,花,,不可见,
e5acfe36-d5f2-4115-b9cd-2ccfce7ce907,果实（包括果柄）,,不可见,
e5acfe36-d5f2-4115-b9cd-2ccfce7ce907,根,,不可见,
d3279fad-b814-4d2a-a299-63e7aa1543b6,全株,,,
bb5c2dc5-05cb-4ed3-9edd-7bda0526c693,全株,,,
bb5c2dc5-05cb-4ed3-9edd-7bda0526c693,根,,,
f3705adb-ad65-443a-8c3c-ab2f63ec37f1,种子,,,
f3705adb-ad65-443a-8c3c-ab2f63ec37f1,种苗;组培苗,,,
f3705adb-ad65-443a-8c3c-ab2f63ec37f1,叶,,,
f3705adb-ad65-443a-8c3c-ab2f63ec37f1,茎;枝;芽,,,
f3705adb-ad65-443a-8c3c-ab2f63ec37f1,花,,,
f3705adb-ad65-443a-8c3c-ab2f63ec37f1,根,,,
a87d40ab-d2f9-4f58-85f8-a467a4b1d129,种子,,,
a87d40ab-d2f9-4f58-85f8-a467a4b1d129,种苗;组培苗,,,
a87d40ab-d2f9-4f58-85f8-a467a4b1d129,叶,,,
a87d40ab-d2f9-4f58-85f8-a467a4b1d129,茎;枝;芽,,,
a87d40ab-d2f9-4f58-85f8-a467a4b1d129,花,,,
a87d40ab-d2f9-4f58-85f8-a467a4b1d129,果实（包括果柄）,,,
a87d40ab-d2f9-4f58-85f8-a467a4b1d129,根,,,
89b0c00f-ea69-434a-8290-cb9d821a6868,叶,,,
ca6acc10-d948-4aa2-9c6f-9b959cdaf174,全株,,,
6499e630-5004-4eb4-8d84-ca4990fccd98,种子,,,
6499e630-5004-4eb4-8d84-ca4990fccd98,种苗;组培苗,,,
6499e630-5004-4eb4-8d84-ca4990fccd98,叶,,,
6499e630-5004-4eb4-8d84-ca4990fccd98,茎;枝;芽,,,
6499e630-5004-4eb4-8d84-ca4990fccd98,花,,,
6499e630-5004-4eb4-8d84-ca4990fccd98,果实（包括果柄）,,,
6499e630-5004-4eb4-8d84-ca4990fccd98,根,,,
fcb44271-7a63-4936-9fcb-e2fb6622dfb3,叶,,,
1ec8ef56-fc61-4166-a23e-a2534cfbed14,种子,,,
1ec8ef56-fc61-4166-a23e-a2534cfbed14,种苗;组培苗,,,
1ec8ef56-fc61-4166-a23e-a2534cfbed14,叶,,,
1ec8ef56-fc61-4166-a23e-a2534cfbed14,茎;枝;芽,,,
1ec8ef56-fc61-4166-a23e-a2534cfbed14,花,,,
1ec8ef56-fc61-4166-a23e-a2534cfbed14,果实（包括果柄）,,,
1ec8ef56-fc61-4166-a23e-a2534cfbed14,根,,,
71179fce-6e04-4fb9-84c0-73acd0e36ec8,树皮,成虫,裸眼可见,
71179fce-6e04-4fb9-84c0-73acd0e36ec8,木材,卵/幼虫/蛹/成虫,光学显微镜可见,
71179fce-6e04-4fb9-84c0-73acd0e36ec8,茎;枝;芽,卵/幼虫/蛹/成虫,光学显微镜可见,
ac46290f-b942-4834-9db9-8378ec05d1ed,种子,,,
ac46290f-b942-4834-9db9-8378ec05d1ed,种苗;组培苗,,,
ac46290f-b942-4834-9db9-8378ec05d1ed,叶,,,
ac46290f-b942-4834-9db9-8378ec05d1ed,茎;枝;芽,,,
ac46290f-b942-4834-9db9-8378ec05d1ed,花,,,
ac46290f-b942-4834-9db9-8378ec05d1ed,根,,,
0b956f59-dd97-4acf-9cb8-1d525a94a515,叶,,,
b3d42cfb-372b-48ff-b5c0-aa553527cfc4,种子,,,
b3d42cfb-372b-48ff-b5c0-aa553527cfc4,种苗;组培苗,,,
b3d42cfb-372b-48ff-b5c0-aa553527cfc4,叶,,,
b3d42cfb-372b-48ff-b5c0-aa553527cfc4,茎;枝;芽,,,
b3d42cfb-372b-48ff-b5c0-aa553527cfc4,花,,,
b3d42cfb-372b-48ff-b5c0-aa553527cfc4,果实（包括果柄）,,,
b3d42cfb-372b-48ff-b5c0-aa553527cfc4,根,,,
f994f92d-6883-481b-93d5-976ffa7b939d,种子,,,
f994f92d-6883-481b-93d5-976ffa7b939d,种苗;组培苗,,,
f994f92d-6883-481b-93d5-976ffa7b939d,叶,,,
f994f92d-6883-481b-93d5-976ffa7b939d,茎;枝;芽,,,
f994f92d-6883-481b-93d5-976ffa7b939d,花,,,
f994f92d-6883-481b-93d5-976ffa7b939d,果实（包括果柄）,,,
f994f92d-6883-481b-93d5-976ffa7b939d,根,,,
b2f04515-aa9e-4a63-903c-e9fd29c35506,全株,,,
2103caa7-f909-469e-aaf3-10774a17be3c,种子,,,
2103caa7-f909-469e-aaf3-10774a17be3c,种苗;组培苗,,,
2103caa7-f909-469e-aaf3-10774a17be3c,叶,,,
2103caa7-f909-469e-aaf3-10774a17be3c,茎;枝;芽,,,
2103caa7-f909-469e-aaf3-10774a17be3c,花,,,
2103caa7-f909-469e-aaf3-10774a17be3c,果实（包括果柄）,,,
2103caa7-f909-469e-aaf3-10774a17be3c,根,,,
bafd0ced-f853-4975-8cac-b7238491992e,叶,,,
69e96401-96e8-4346-95e1-f0199ac5d778,全株,,,
76bd4be5-98aa-4910-884c-689489e434d5,种子,,,
76bd4be5-98aa-4910-884c-689489e434d5,种苗;组培苗,,,
76bd4be5-98aa-4910-884c-689489e434d5,叶,,,
76bd4be5-98aa-4910-884c-689489e434d5,花,,,
76bd4be5-98aa-4910-884c-689489e434d5,果实（包括果柄）,,,
76bd4be5-98aa-4910-884c-689489e434d5,根,,,
8e67e9d3-3bf6-4ac6-ba3f-443a8f455c7e,种子,,,
8e67e9d3-3bf6-4ac6-ba3f-443a8f455c7e,种苗;组培苗,,,
8e67e9d3-3bf6-4ac6-ba3f-443a8f455c7e,叶,,,
8e67e9d3-3bf6-4ac6-ba3f-443a8f455c7e,花,,,
8e67e9d3-3bf6-4ac6-ba3f-443a8f455c7e,根,,,
557feb12-5a10-4c63-88f4-1d32acea25a6,种苗;组培苗,,裸眼可见,
557feb12-5a10-4c63-88f4-1d32acea25a6,叶,,裸眼可见,
557feb12-5a10-4c63-88f4-1d32acea25a6,鳞球茎（包括鳞茎/块茎/块根）,,不可见,
557feb12-5a10-4c63-88f4-1d32acea25a6,茎;枝;芽,,不可见,
557feb12-5a10-4c63-88f4-1d32acea25a6,花,,不可见,
557feb12-5a10-4c63-88f4-1d32acea25a6,果实（包括果柄）,,不可见,
557feb12-5a10-4c63-88f4-1d32acea25a6,根,,不可见,
3c68a3bc-39ad-42ee-9e83-1d2d667f3201,种子,,,
3c68a3bc-39ad-42ee-9e83-1d2d667f3201,种苗;组培苗,,裸眼可见,
3c68a3bc-39ad-42ee-9e83-1d2d667f3201,叶,,裸眼可见,
3c68a3bc-39ad-42ee-9e83-1d2d667f3201,茎;枝;芽,,不可见,
3c68a3bc-39ad-42ee-9e83-1d2d667f3201,花,,,
3c68a3bc-39ad-42ee-9e83-1d2d667f3201,果实（包括果柄）,,裸眼可见,
3c68a3bc-39ad-42ee-9e83-1d2d667f3201,根,,不可见,
ddbd3c56-3509-4a25-9844-e42cf4c3e6dc,种子,,,
ddbd3c56-3509-4a25-9844-e42cf4c3e6dc,种苗;组培苗,,裸眼可见,
ddbd3c56-3509-4a25-9844-e42cf4c3e6dc,叶,,裸眼可见,
ddbd3c56-3509-4a25-9844-e42cf4c3e6dc,鳞球茎（包括鳞茎/块茎/块根）,,不可见,
ddbd3c56-3509-4a25-9844-e42cf4c3e6dc,茎;枝;芽,,,
ddbd3c56-3509-4a25-9844-e42cf4c3e6dc,花,,不可见,
ddbd3c56-3509-4a25-9844-e42cf4c3e6dc,果实（包括果柄）,,不可见,
ddbd3c56-3509-4a25-9844-e42cf4c3e6dc,根,,不可见,
8dd83bfe-26fb-4006-b142-1a0664cfded3,叶,,,
1dd6f4ad-9722-420b-96be-8ea532081f3d,种子,,,
1dd6f4ad-9722-420b-96be-8ea532081f3d,种苗;组培苗,,裸眼可见,
1dd6f4ad-9722-420b-96be-8ea532081f3d,叶,,裸眼可见,
1dd6f4ad-9722-420b-96be-8ea532081f3d,茎;枝;芽,,不可见,
1dd6f4ad-9722-420b-96be-8ea532081f3d,花,,不可见,
1dd6f4ad-9722-420b-96be-8ea532081f3d,果实（包括果柄）,,不可见,
1dd6f4ad-9722-420b-96be-8ea532081f3d,根,,不可见,
bb8db619-4dab-4ac7-8490-808f9f736263,全株,,,
2fc4e0b2-0ca2-425e-9574-b86cc80c5a50,叶,,裸眼可见,
2fc4e0b2-0ca2-425e-9574-b86cc80c5a50,茎;枝;芽,,不可见,
2fc4e0b2-0ca2-425e-9574-b86cc80c5a50,花,,裸眼可见,
2fc4e0b2-0ca2-425e-9574-b86cc80c5a50,果实（包括果柄）,,裸眼可见,
b398652b-5d10-4dae-885f-9e4b0b8d8cf3,全株,,,
9988d157-b227-49fe-9b6c-becc83a5bb5b,叶,,,
a9046d5d-136a-43ac-a458-72fdfceb7262,叶,,,
33890b39-a16d-49c8-9d4c-928e2c2fcf76,种子,,,
33890b39-a16d-49c8-9d4c-928e2c2fcf76,种苗;组培苗,,裸眼可见,
33890b39-a16d-49c8-9d4c-928e2c2fcf76,叶,,裸眼可见,
33890b39-a16d-49c8-9d4c-928e2c2fcf76,鳞球茎（包括鳞茎/块茎/块根）,,,
33890b39-a16d-49c8-9d4c-928e2c2fcf76,茎;枝;芽,,不可见,
33890b39-a16d-49c8-9d4c-928e2c2fcf76,花,,不可见,
33890b39-a16d-49c8-9d4c-928e2c2fcf76,果实（包括果柄）,,不可见,
33890b39-a16d-49c8-9d4c-928e2c2fcf76,根,,不可见,
50002ee1-7cc5-4366-8929-c11629d1707a,种子,,,
50002ee1-7cc5-4366-8929-c11629d1707a,种苗;组培苗,,裸眼可见,
50002ee1-7cc5-4366-8929-c11629d1707a,叶,,裸眼可见,
50002ee1-7cc5-4366-8929-c11629d1707a,茎;枝;芽,,不可见,
50002ee1-7cc5-4366-8929-c11629d1707a,花,,不可见,
50002ee1-7cc5-4366-8929-c11629d1707a,果实（包括果柄）,,不可见,
50002ee1-7cc5-4366-8929-c11629d1707a,根,,不可见,
a489e9cd-159d-42e0-97a0-82e678792499,叶,,,
3429638a-b582-4571-9a62-c172c8312e59,种子,,,
3429638a-b582-4571-9a62-c172c8312e59,种苗;组培苗,,,
3429638a-b582-4571-9a62-c172c8312e59,叶,,,
3429638a-b582-4571-9a62-c172c8312e59,花,,,
3429638a-b582-4571-9a62-c172c8312e59,果实（包括果柄）,,,
3429638a-b582-4571-9a62-c172c8312e59,根,,,
a581b061-584b-4c82-83b1-c2bb501aca21,种子,,,
a581b061-584b-4c82-83b1-c2bb501aca21,种苗;组培苗,,,
a581b061-584b-4c82-83b1-c2bb501aca21,叶,,,
a581b061-584b-4c82-83b1-c2bb501aca21,花,,,
a581b061-584b-4c82-83b1-c2bb501aca21,果实（包括果柄）,,,
a581b061-584b-4c82-83b1-c2bb501aca21,根,,,
41120346-5402-4b84-bc01-a1357a4be187,叶,,,
49d8a631-c703-421e-a925-bc41d6452d77,全株,,,
4950bb9c-83a5-4b9f-b2d1-277e1fef57db,生长介质,蛹,裸眼可见,
4950bb9c-83a5-4b9f-b2d1-277e1fef57db,果实（包括果柄）,卵/幼虫,裸眼可见,
752a0acd-9151-4de6-9300-1c249eacbcac,枝,,,
752a0acd-9151-4de6-9300-1c249eacbcac,叶,,,
752a0acd-9151-4de6-9300-1c249eacbcac,茎;枝;芽,,,
752a0acd-9151-4de6-9300-1c249eacbcac,果实（包括果柄）,,,
b02cea39-4979-4a72-a8dc-0a9cb53de996,种子,,,
b02cea39-4979-4a72-a8dc-0a9cb53de996,种苗;组培苗,,,
b02cea39-4979-4a72-a8dc-0a9cb53de996,叶,,,
b02cea39-4979-4a72-a8dc-0a9cb53de996,茎;枝;芽,,,
b02cea39-4979-4a72-a8dc-0a9cb53de996,花,,,
b02cea39-4979-4a72-a8dc-0a9cb53de996,果实（包括果柄）,,,
b02cea39-4979-4a72-a8dc-0a9cb53de996,根,,,
422b6d50-9d08-431d-97b0-651fdba25d7f,种子,,,
422b6d50-9d08-431d-97b0-651fdba25d7f,种苗;组培苗,,,
422b6d50-9d08-431d-97b0-651fdba25d7f,叶,,,
422b6d50-9d08-431d-97b0-651fdba25d7f,芽,,,
422b6d50-9d08-431d-97b0-651fdba25d7f,全株,,,
422b6d50-9d08-431d-97b0-651fdba25d7f,茎;枝;芽,,,
422b6d50-9d08-431d-97b0-651fdba25d7f,茎,,,
422b6d50-9d08-431d-97b0-651fdba25d7f,花,,,
422b6d50-9d08-431d-97b0-651fdba25d7f,果实（包括果柄）,,,
422b6d50-9d08-431d-97b0-651fdba25d7f,根,,,
214b65fc-1adc-4f4e-9ba2-297a5f437d61,全株,,,
8efd1819-e7bd-44a0-8bb2-885392d56530,种子,,,
8efd1819-e7bd-44a0-8bb2-885392d56530,种苗;组培苗,,,
8efd1819-e7bd-44a0-8bb2-885392d56530,叶,,,
8efd1819-e7bd-44a0-8bb2-885392d56530,鳞球茎（包括鳞茎/块茎/块根）,孢子/菌丝,不可见,
8efd1819-e7bd-44a0-8bb2-885392d56530,茎;枝;芽,孢子/菌丝,不可见,
8efd1819-e7bd-44a0-8bb2-885392d56530,花,,,
8efd1819-e7bd-44a0-8bb2-885392d56530,果实（包括果柄）,,,
8efd1819-e7bd-44a0-8bb2-885392d56530,根,孢子/菌丝,不可见,
f140eeb1-ce49-4661-a712-592ac3f32d72,种苗;组培苗,幼虫/若虫/蛹/成虫,裸眼可见,
f140eeb1-ce49-4661-a712-592ac3f32d72,叶,幼虫/若虫/蛹/成虫,裸眼可见,
f140eeb1-ce49-4661-a712-592ac3f32d72,茎;枝;芽,幼虫/若虫/蛹/成虫,裸眼可见,
f140eeb1-ce49-4661-a712-592ac3f32d72,花,幼虫/若虫/蛹/成虫,裸眼可见,
f140eeb1-ce49-4661-a712-592ac3f32d72,果实（包括果柄）,幼虫/若虫/蛹/成虫,裸眼可见,
80a3fba1-a1f8-41f9-a018-d50fb692d518,种子,,,
80a3fba1-a1f8-41f9-a018-d50fb692d518,种苗;组培苗,,,
80a3fba1-a1f8-41f9-a018-d50fb692d518,叶,,,
80a3fba1-a1f8-41f9-a018-d50fb692d518,茎;枝;芽,,,
80a3fba1-a1f8-41f9-a018-d50fb692d518,花,,,
80a3fba1-a1f8-41f9-a018-d50fb692d518,果实（包括果柄）,,,
80a3fba1-a1f8-41f9-a018-d50fb692d518,根,,,
efc49eca-4f09-49ec-81b2-fddc2b883dda,全株,,,
da27675d-f777-4f8a-bfe3-618995220814,种子,,不可见,
da27675d-f777-4f8a-bfe3-618995220814,种苗;组培苗,,裸眼可见,
da27675d-f777-4f8a-bfe3-618995220814,叶,,裸眼可见,
da27675d-f777-4f8a-bfe3-618995220814,茎;枝;芽,,不可见,
da27675d-f777-4f8a-bfe3-618995220814,花,,不可见,
da27675d-f777-4f8a-bfe3-618995220814,果实（包括果柄）,,不可见,
da27675d-f777-4f8a-bfe3-618995220814,根,,不可见,
79f8aaaf-65c6-4941-8270-500d799ffeec,叶,,,
5dfb6d81-6091-449a-b93a-4826a0fe0399,种子,,,
5dfb6d81-6091-449a-b93a-4826a0fe0399,种苗;组培苗,,,
5dfb6d81-6091-449a-b93a-4826a0fe0399,叶,,,
5dfb6d81-6091-449a-b93a-4826a0fe0399,茎;枝;芽,,,
5dfb6d81-6091-449a-b93a-4826a0fe0399,花,,,
5dfb6d81-6091-449a-b93a-4826a0fe0399,根,,,
4ccf47eb-ce91-4bf9-a336-f544ec058fd0,种苗;组培苗,,不可见,
4ccf47eb-ce91-4bf9-a336-f544ec058fd0,叶,,不可见,
4ccf47eb-ce91-4bf9-a336-f544ec058fd0,鳞球茎（包括鳞茎/块茎/块根）,,不可见,
4ccf47eb-ce91-4bf9-a336-f544ec058fd0,茎;枝;芽,,不可见,
4ccf47eb-ce91-4bf9-a336-f544ec058fd0,花,,不可见,
4ccf47eb-ce91-4bf9-a336-f544ec058fd0,果实（包括果柄）,,不可见,
4ccf47eb-ce91-4bf9-a336-f544ec058fd0,根,,不可见,
59ae70c9-25d7-4278-909d-4667ef37c222,种子,种子,,
59ae70c9-25d7-4278-909d-4667ef37c222,种苗;组培苗,整株,,
59ae70c9-25d7-4278-909d-4667ef37c222,叶,种子,,
59ae70c9-25d7-4278-909d-4667ef37c222,生长介质,种子/根,,
59ae70c9-25d7-4278-909d-4667ef37c222,茎;枝;芽,种子,,
59ae70c9-25d7-4278-909d-4667ef37c222,花,种子,,
59ae70c9-25d7-4278-909d-4667ef37c222,果实（包括果柄）,种子,,
59ae70c9-25d7-4278-909d-4667ef37c222,根,种子/根,,
9f8ed86c-d426-450c-a13c-264ad833239e,叶,,,
b2275d6a-2a1d-4220-8ae5-97e370ced735,种子,,,
b2275d6a-2a1d-4220-8ae5-97e370ced735,种苗;组培苗,,,
b2275d6a-2a1d-4220-8ae5-97e370ced735,叶,,,
b2275d6a-2a1d-4220-8ae5-97e370ced735,茎;枝;芽,,,
b2275d6a-2a1d-4220-8ae5-97e370ced735,花,,,
b2275d6a-2a1d-4220-8ae5-97e370ced735,根,,,
4f98e278-2291-4970-b7b6-04281ca8d227,种子,,,
4f98e278-2291-4970-b7b6-04281ca8d227,种苗;组培苗,,,
4f98e278-2291-4970-b7b6-04281ca8d227,叶,,,
4f98e278-2291-4970-b7b6-04281ca8d227,茎;枝;芽,,,
4f98e278-2291-4970-b7b6-04281ca8d227,花,,,
4f98e278-2291-4970-b7b6-04281ca8d227,果实（包括果柄）,,,
4f98e278-2291-4970-b7b6-04281ca8d227,根,,,
2acd00d0-1659-407d-baed-3dc3730151e8,种子,,,
2acd00d0-1659-407d-baed-3dc3730151e8,种苗;组培苗,,裸眼可见,
2acd00d0-1659-407d-baed-3dc3730151e8,叶,,裸眼可见,
2acd00d0-1659-407d-baed-3dc3730151e8,鳞球茎（包括鳞茎/块茎/块根）,,不可见,
2acd00d0-1659-407d-baed-3dc3730151e8,茎;枝;芽,,不可见,
2acd00d0-1659-407d-baed-3dc3730151e8,花,,不可见,
2acd00d0-1659-407d-baed-3dc3730151e8,果实（包括果柄）,,不可见,
2acd00d0-1659-407d-baed-3dc3730151e8,根,,不可见,
cbf28659-fad9-43d5-b066-5cfe43b2187c,种子,,,
cbf28659-fad9-43d5-b066-5cfe43b2187c,种苗;组培苗,,不可见,
cbf28659-fad9-43d5-b066-5cfe43b2187c,叶,,不可见,
cbf28659-fad9-43d5-b066-5cfe43b2187c,鳞球茎（包括鳞茎/块茎/块根）,,不可见,
cbf28659-fad9-43d5-b066-5cfe43b2187c,茎;枝;芽,,不可见,
cbf28659-fad9-43d5-b066-5cfe43b2187c,花,,不可见,
cbf28659-fad9-43d5-b066-5cfe43b2187c,果实（包括果柄）,,不可见,
cbf28659-fad9-43d5-b066-5cfe43b2187c,根,,不可见,
745b4379-f734-429b-9b0b-0bc3b6739cc3,全株,,,
48168120-3690-4f5c-9416-dc32f0880d87,种子,,,
48168120-3690-4f5c-9416-dc32f0880d87,种苗;组培苗,,,
48168120-3690-4f5c-9416-dc32f0880d87,叶,,,
48168120-3690-4f5c-9416-dc32f0880d87,花,,,
48168120-3690-4f5c-9416-dc32f0880d87,根,,,
e640e8ca-4639-4184-8ce0-66014092c675,全株,,,
b4c8ae5f-9894-419a-87d2-ed38c43aca22,枝,"成虫,若虫",裸眼可见,
b4c8ae5f-9894-419a-87d2-ed38c43aca22,叶,"卵（节肢动物）,若虫",裸眼可见,
b4c8ae5f-9894-419a-87d2-ed38c43aca22,芽,"成虫,若虫",裸眼可见,
b4c8ae5f-9894-419a-87d2-ed38c43aca22,茎,"成虫,若虫",裸眼可见,
b4c8ae5f-9894-419a-87d2-ed38c43aca22,果实（包括果柄）,卵（节肢动物）,裸眼可见,
6e773847-2735-46f1-b58b-5dd75478f6e3,茎,,,
9a2ed58a-f91c-41cb-84bc-9c3426274501,全株,,,
d63484ee-900c-43ae-8e41-89f1b91c0589,叶,,,
2be0d549-1cea-4295-a40a-79c076c113b3,全株,,,
6b4e65d0-0fe4-400d-871a-bec6a140db75,枝,,,
6b4e65d0-0fe4-400d-871a-bec6a140db75,茎,,,
f0812ce4-c15c-40de-a079-a8ee0b7bdf35,全株,,,
a2987165-d150-4a2d-a559-a41a70e42bd2,全株,,,
aee580f0-4457-4856-8091-e9b2ff04d951,树皮,成虫,裸眼可见,
aee580f0-4457-4856-8091-e9b2ff04d951,茎;枝;芽,卵/幼虫/若虫/蛹/成虫,裸眼可见,
f6db689f-84b1-497b-aa4a-bf620403c6b7,叶,,,
f6db689f-84b1-497b-aa4a-bf620403c6b7,茎,,,
f6db689f-84b1-497b-aa4a-bf620403c6b7,花,,,
f6db689f-84b1-497b-aa4a-bf620403c6b7,果实（包括果柄）,,,
c3f85084-6133-496a-9f81-3bf84c7f99d6,全株,,,
7e4aee0e-9f30-4e44-ba07-9e707c8d5404,全株,,,
a36cf755-7b52-4fac-90e4-bfa43b3ebe60,叶,卵/幼虫/成虫,裸眼可见,
a36cf755-7b52-4fac-90e4-bfa43b3ebe60,树皮,成虫,裸眼可见,
a36cf755-7b52-4fac-90e4-bfa43b3ebe60,生长介质,蛹/成虫,裸眼可见,
a36cf755-7b52-4fac-90e4-bfa43b3ebe60,茎;枝;芽,幼虫/成虫,裸眼可见,
429bf63e-d27f-49e1-82b5-92013e86aa45,全株,,,
b05e9e68-b57e-4fad-a061-e5479e3b0efb,全株,,,
22d0ae9e-6714-40e6-a9c7-c4ed40e362d4,种子,种子/果实,裸眼可见,
22d0ae9e-6714-40e6-a9c7-c4ed40e362d4,茎;枝;芽,种子/果实,裸眼可见,
aa0ce161-a30b-46d7-bf7c-09cca2646bc7,种子,果实,,
aa0ce161-a30b-46d7-bf7c-09cca2646bc7,果实（包括果柄）,种子,,
3509f370-14b1-4ff2-a055-9d5d056b3e95,花,,,
569d5de0-cf2e-47fb-93e1-404b6cc0fcbb,全株,,,
7699518e-6203-40b3-8559-a56852d263d0,种子,,,
7699518e-6203-40b3-8559-a56852d263d0,种苗;组培苗,,不可见,
7699518e-6203-40b3-8559-a56852d263d0,叶,,不可见,
7699518e-6203-40b3-8559-a56852d263d0,茎;枝;芽,,不可见,
7699518e-6203-40b3-8559-a56852d263d0,花,,不可见,
7699518e-6203-40b3-8559-a56852d263d0,果实（包括果柄）,,,
7699518e-6203-40b3-8559-a56852d263d0,根,,不可见,
2590c232-d850-4edb-b449-d85ef88ad654,全株,,,
cf1978a9-09c9-45c4-91de-ba1807e110ad,全株,,,
5f9bd286-edb0-41db-8995-89fac402ebea,叶,,,
5f9bd286-edb0-41db-8995-89fac402ebea,全株,,,
5f9bd286-edb0-41db-8995-89fac402ebea,茎,,,
f5492543-ffed-441a-8087-899f01ae048b,叶,,,
f5492543-ffed-441a-8087-899f01ae048b,茎,,,
60a64990-82b4-408c-87a6-d798f9dde737,种子,,,
60a64990-82b4-408c-87a6-d798f9dde737,种苗;组培苗,,,
60a64990-82b4-408c-87a6-d798f9dde737,叶,,不可见,
60a64990-82b4-408c-87a6-d798f9dde737,全株,,,
60a64990-82b4-408c-87a6-d798f9dde737,木材,,不可见,
60a64990-82b4-408c-87a6-d798f9dde737,茎;枝;芽,,不可见,
60a64990-82b4-408c-87a6-d798f9dde737,茎,,,
60a64990-82b4-408c-87a6-d798f9dde737,花,,,
60a64990-82b4-408c-87a6-d798f9dde737,果实（包括果柄）,,,
60a64990-82b4-408c-87a6-d798f9dde737,根,,,
eb0d2399-9b73-41c0-aadf-ee7379b006e6,全株,,,
0ff0187b-92f4-40ef-90d6-8246ef9f8224,种子,,不可见,
0ff0187b-92f4-40ef-90d6-8246ef9f8224,种苗;组培苗,,不可见,
0ff0187b-92f4-40ef-90d6-8246ef9f8224,叶,,不可见,
0ff0187b-92f4-40ef-90d6-8246ef9f8224,鳞球茎（包括鳞茎/块茎/块根）,,不可见,
0ff0187b-92f4-40ef-90d6-8246ef9f8224,茎;枝;芽,,不可见,
0ff0187b-92f4-40ef-90d6-8246ef9f8224,花,,,
0ff0187b-92f4-40ef-90d6-8246ef9f8224,根,,,
caf8187b-09fc-4556-8ff8-5060ddc1f621,叶,卵/幼虫/若虫,裸眼可见,
caf8187b-09fc-4556-8ff8-5060ddc1f621,生长介质,幼虫/若虫,裸眼可见,
caf8187b-09fc-4556-8ff8-5060ddc1f621,茎;枝;芽,幼虫/若虫,裸眼可见,
caf8187b-09fc-4556-8ff8-5060ddc1f621,花,卵/幼虫,裸眼可见,
9a3a552a-9185-4a83-ae14-763c45d67787,种子,,,
9a3a552a-9185-4a83-ae14-763c45d67787,种苗;组培苗,,,
9a3a552a-9185-4a83-ae14-763c45d67787,叶,,,
9a3a552a-9185-4a83-ae14-763c45d67787,茎;枝;芽,,,
9a3a552a-9185-4a83-ae14-763c45d67787,花,,,
9a3a552a-9185-4a83-ae14-763c45d67787,果实（包括果柄）,,,
9a3a552a-9185-4a83-ae14-763c45d67787,根,,,
ee4dab15-4b8f-4762-a377-5c1868181a38,种苗;组培苗,卵/幼虫/蛹/成虫,光学显微镜可见,
ee4dab15-4b8f-4762-a377-5c1868181a38,树皮,成虫,裸眼可见,
ee4dab15-4b8f-4762-a377-5c1868181a38,木材,卵/幼虫/蛹/成虫,光学显微镜可见,
ee4dab15-4b8f-4762-a377-5c1868181a38,茎;枝;芽,卵/幼虫/蛹/成虫,光学显微镜可见,
973b4e4a-274a-4126-a3cc-5c43dc98320c,种子,,,
973b4e4a-274a-4126-a3cc-5c43dc98320c,种苗;组培苗,,,
973b4e4a-274a-4126-a3cc-5c43dc98320c,叶,,裸眼可见,
973b4e4a-274a-4126-a3cc-5c43dc98320c,茎;枝;芽,,不可见,
973b4e4a-274a-4126-a3cc-5c43dc98320c,花,,,
973b4e4a-274a-4126-a3cc-5c43dc98320c,果实（包括果柄）,,,
973b4e4a-274a-4126-a3cc-5c43dc98320c,根,,,
05625cc5-e623-4307-b7ac-9ffcef26ebb4,叶,,不可见,
05625cc5-e623-4307-b7ac-9ffcef26ebb4,树皮,,不可见,
05625cc5-e623-4307-b7ac-9ffcef26ebb4,木材,,不可见,
05625cc5-e623-4307-b7ac-9ffcef26ebb4,茎;枝;芽,,不可见,
05625cc5-e623-4307-b7ac-9ffcef26ebb4,根,,不可见,
821d074d-f5ca-426a-9c65-f93ae53f8f37,叶,,,
821d074d-f5ca-426a-9c65-f93ae53f8f37,全株,,,
821d074d-f5ca-426a-9c65-f93ae53f8f37,茎,,,
9b26b3a0-c08b-495f-aed6-d876031fedbf,全株,,,
5c5f52ec-2ed1-420d-a7f9-5cb100faab9f,种子,,,
5c5f52ec-2ed1-420d-a7f9-5cb100faab9f,种苗;组培苗,,,
5c5f52ec-2ed1-420d-a7f9-5cb100faab9f,叶,,,
5c5f52ec-2ed1-420d-a7f9-5cb100faab9f,茎;枝;芽,,,
5c5f52ec-2ed1-420d-a7f9-5cb100faab9f,花,,,
5c5f52ec-2ed1-420d-a7f9-5cb100faab9f,根,,,
933bbf10-33ba-49fd-87d9-a7c003957c71,种苗;组培苗,,裸眼可见,
933bbf10-33ba-49fd-87d9-a7c003957c71,茎;枝;芽,,不可见,
933bbf10-33ba-49fd-87d9-a7c003957c71,根,,不可见,
5f0ed8df-39d3-4be8-97b1-e389e796dd25,全株,,,
3e4b7756-ade7-42b2-812b-732533732ac1,叶,,,
bfbfaf51-689b-43b1-9458-1cefcacdf983,种子,,,
bfbfaf51-689b-43b1-9458-1cefcacdf983,种苗;组培苗,,,
bfbfaf51-689b-43b1-9458-1cefcacdf983,叶,,,
bfbfaf51-689b-43b1-9458-1cefcacdf983,茎;枝;芽,,,
bfbfaf51-689b-43b1-9458-1cefcacdf983,花,,,
bfbfaf51-689b-43b1-9458-1cefcacdf983,根,,,
f715ba59-9873-4229-a9fc-54e9be293b93,叶,,,
8263ba28-f87e-4341-b392-2bc00b25bedb,全株,,,
0e444ee1-29d4-4021-878a-06535154d6a4,叶,,,
0e444ee1-29d4-4021-878a-06535154d6a4,茎;枝;芽,,,
0e444ee1-29d4-4021-878a-06535154d6a4,根,,,
664a4905-39d9-4601-87ca-21e7bc91a62e,种子,,,
664a4905-39d9-4601-87ca-21e7bc91a62e,种苗;组培苗,,,
664a4905-39d9-4601-87ca-21e7bc91a62e,叶,,,
664a4905-39d9-4601-87ca-21e7bc91a62e,花,,,
664a4905-39d9-4601-87ca-21e7bc91a62e,果实（包括果柄）,,,
664a4905-39d9-4601-87ca-21e7bc91a62e,根,,,
f7565814-a7f9-42b3-8092-7fe7daeea457,种子,,,
f7565814-a7f9-42b3-8092-7fe7daeea457,种苗;组培苗,,,
f7565814-a7f9-42b3-8092-7fe7daeea457,叶,,,
f7565814-a7f9-42b3-8092-7fe7daeea457,花,,,
f7565814-a7f9-42b3-8092-7fe7daeea457,根,,,
54874cf8-69da-47f7-8ae7-1e138caf9207,种子,,,
54874cf8-69da-47f7-8ae7-1e138caf9207,种苗;组培苗,,,
54874cf8-69da-47f7-8ae7-1e138caf9207,叶,,,
54874cf8-69da-47f7-8ae7-1e138caf9207,茎;枝;芽,,,
54874cf8-69da-47f7-8ae7-1e138caf9207,花,,,
54874cf8-69da-47f7-8ae7-1e138caf9207,果实（包括果柄）,,,
54874cf8-69da-47f7-8ae7-1e138caf9207,根,,,
0a2814aa-4492-437d-a8ac-6dcf749bd915,种子,,不可见,
0a2814aa-4492-437d-a8ac-6dcf749bd915,叶,,不可见,
0a2814aa-4492-437d-a8ac-6dcf749bd915,茎;枝;芽,,不可见,
0a2814aa-4492-437d-a8ac-6dcf749bd915,果实（包括果柄）,,不可见,
0a2814aa-4492-437d-a8ac-6dcf749bd915,根,,不可见,
3f552869-b547-4c2a-be37-b6880f85ee17,种苗;组培苗,,不可见,
3f552869-b547-4c2a-be37-b6880f85ee17,叶,,光学显微镜可见,
3f552869-b547-4c2a-be37-b6880f85ee17,鳞球茎（包括鳞茎/块茎/块根）,,不可见,
3f552869-b547-4c2a-be37-b6880f85ee17,茎;枝;芽,,不可见,
3f552869-b547-4c2a-be37-b6880f85ee17,花,,不可见,
3f552869-b547-4c2a-be37-b6880f85ee17,果实（包括果柄）,,不可见,
3f552869-b547-4c2a-be37-b6880f85ee17,根,,不可见,
d3f00e05-ca73-4806-9b55-d7682aef36c6,种子,,,
d3f00e05-ca73-4806-9b55-d7682aef36c6,种苗;组培苗,,,
d3f00e05-ca73-4806-9b55-d7682aef36c6,叶,,,
d3f00e05-ca73-4806-9b55-d7682aef36c6,茎;枝;芽,,,
d3f00e05-ca73-4806-9b55-d7682aef36c6,花,,,
d3f00e05-ca73-4806-9b55-d7682aef36c6,果实（包括果柄）,,,
d3f00e05-ca73-4806-9b55-d7682aef36c6,根,,,
1ad513b1-5220-40b5-a156-da1293c4d52a,种子,,,
1ad513b1-5220-40b5-a156-da1293c4d52a,种苗;组培苗,,,
1ad513b1-5220-40b5-a156-da1293c4d52a,叶,,,
1ad513b1-5220-40b5-a156-da1293c4d52a,茎;枝;芽,,,
1ad513b1-5220-40b5-a156-da1293c4d52a,花,,,
1ad513b1-5220-40b5-a156-da1293c4d52a,果实（包括果柄）,,,
1ad513b1-5220-40b5-a156-da1293c4d52a,根,,,
cbc3591b-6b37-4a8c-8c59-e2d5c8b86547,种子,,,
cbc3591b-6b37-4a8c-8c59-e2d5c8b86547,种苗;组培苗,,,
cbc3591b-6b37-4a8c-8c59-e2d5c8b86547,叶,,,
cbc3591b-6b37-4a8c-8c59-e2d5c8b86547,花,,,
cbc3591b-6b37-4a8c-8c59-e2d5c8b86547,果实（包括果柄）,,,
cbc3591b-6b37-4a8c-8c59-e2d5c8b86547,根,,,
6aea75be-96b8-4d0b-9d90-4e76584313f2,全株,,,
62d72fc9-0bae-4259-bb53-c8a2c848795d,全株,,,
c98b3688-604a-4d5b-a446-de1f697eaeeb,种子,,,
c98b3688-604a-4d5b-a446-de1f697eaeeb,种苗;组培苗,,,
c98b3688-604a-4d5b-a446-de1f697eaeeb,叶,,,
c98b3688-604a-4d5b-a446-de1f697eaeeb,茎;枝;芽,,,
c98b3688-604a-4d5b-a446-de1f697eaeeb,花,,,
c98b3688-604a-4d5b-a446-de1f697eaeeb,果实（包括果柄）,,,
c98b3688-604a-4d5b-a446-de1f697eaeeb,根,,,
d3729ac1-256e-48ec-bd72-178d88fdaaf9,种子,,,
d3729ac1-256e-48ec-bd72-178d88fdaaf9,种苗;组培苗,,裸眼可见,
d3729ac1-256e-48ec-bd72-178d88fdaaf9,叶,,裸眼可见,
d3729ac1-256e-48ec-bd72-178d88fdaaf9,鳞球茎（包括鳞茎/块茎/块根）,,不可见,
d3729ac1-256e-48ec-bd72-178d88fdaaf9,茎;枝;芽,,裸眼可见,
d3729ac1-256e-48ec-bd72-178d88fdaaf9,花,,不可见,
d3729ac1-256e-48ec-bd72-178d88fdaaf9,果实（包括果柄）,,不可见,
d3729ac1-256e-48ec-bd72-178d88fdaaf9,根,,不可见,
237f0863-2ac7-48cc-bfdc-6fff29170aac,种子,幼虫/蛹,裸眼可见,
beede2cc-e388-4b4a-96d6-b1fdf6ceaaa6,木材,,,
42394f64-127c-4af3-8a0b-e599d48bfd03,芽,,,
ded21d1b-03bc-491c-9312-95f7f4af563a,叶,,,
ded21d1b-03bc-491c-9312-95f7f4af563a,花,,,
ded21d1b-03bc-491c-9312-95f7f4af563a,果实（包括果柄）,,,
bd7b044d-7672-44ab-a5ac-573bd868978e,全株,,,
9b5e22c8-049c-45ff-8a0f-7ed034043447,全株,,,
6e2bc920-665c-4ad5-92cc-5a53e0f16b7f,全株,,,
ce0a92c9-7cba-482a-9766-cb175b0d8826,种苗;组培苗,,不可见,
ce0a92c9-7cba-482a-9766-cb175b0d8826,全株,,,
06169e3c-9b07-4aa9-a362-93d5ede2af55,全株,,,
1b81d7dd-52ef-4d98-baea-a1ef4deae302,全株,,,
fffad3fe-1af7-470a-be75-1db961476cd0,全株,,,
40f444c1-a9bc-4254-a691-ce426fe93701,全株,,,
d93c853a-5137-4c16-9911-0db3b1691336,全株,,,
4ad22db6-d3ec-440d-af1c-f6a1456d06fe,种苗;组培苗,,不可见,
91a211b7-75cb-4d7d-9ff4-5a0560dcf729,叶,,,
5aaf8238-8c88-440d-882a-e005f478dac3,种苗;组培苗,,裸眼可见,
5aaf8238-8c88-440d-882a-e005f478dac3,叶,,裸眼可见,
5aaf8238-8c88-440d-882a-e005f478dac3,茎;枝;芽,,不可见,
5aaf8238-8c88-440d-882a-e005f478dac3,花,,不可见,
5aaf8238-8c88-440d-882a-e005f478dac3,根,,不可见,
7f4a4098-2661-4e0d-95cb-612ed835507f,种子,,,
7f4a4098-2661-4e0d-95cb-612ed835507f,种苗;组培苗,,,
7f4a4098-2661-4e0d-95cb-612ed835507f,叶,,,
7f4a4098-2661-4e0d-95cb-612ed835507f,花,,,
7f4a4098-2661-4e0d-95cb-612ed835507f,果实（包括果柄）,,,
7f4a4098-2661-4e0d-95cb-612ed835507f,根,,,
ac68fa26-cc9d-4ada-8011-04c2e7f60d74,叶,,,
cc1a07ca-a5a8-4893-98fb-e9417b074edc,种子,,,
cc1a07ca-a5a8-4893-98fb-e9417b074edc,种苗;组培苗,,裸眼可见,
cc1a07ca-a5a8-4893-98fb-e9417b074edc,叶,,裸眼可见,
cc1a07ca-a5a8-4893-98fb-e9417b074edc,茎;枝;芽,,不可见,
cc1a07ca-a5a8-4893-98fb-e9417b074edc,花,,不可见,
cc1a07ca-a5a8-4893-98fb-e9417b074edc,果实（包括果柄）,,不可见,
cc1a07ca-a5a8-4893-98fb-e9417b074edc,根,,不可见,
e1e08c17-d581-44f7-b01a-ed4fbf0d4b31,种子,,,
e1e08c17-d581-44f7-b01a-ed4fbf0d4b31,种苗;组培苗,,,
e1e08c17-d581-44f7-b01a-ed4fbf0d4b31,叶,,,
e1e08c17-d581-44f7-b01a-ed4fbf0d4b31,茎;枝;芽,,,
e1e08c17-d581-44f7-b01a-ed4fbf0d4b31,花,,,
e1e08c17-d581-44f7-b01a-ed4fbf0d4b31,果实（包括果柄）,,,
e1e08c17-d581-44f7-b01a-ed4fbf0d4b31,根,,,
0511a0fe-d594-406a-972f-90d3b6559ec7,全株,,,
d9a4d605-ee3a-4208-9dce-c8e8e781e164,树皮,成虫,裸眼可见,
d9a4d605-ee3a-4208-9dce-c8e8e781e164,木材,卵/幼虫/蛹/成虫,光学显微镜可见,
d9a4d605-ee3a-4208-9dce-c8e8e781e164,茎;枝;芽,卵/幼虫/蛹/成虫,光学显微镜可见,
d9a4d605-ee3a-4208-9dce-c8e8e781e164,茎,,,
0ccc7805-3421-46d6-9739-27dd06631ced,全株,,,
453df721-a43c-48b1-b5db-e13e9e349bc5,种子,,,
453df721-a43c-48b1-b5db-e13e9e349bc5,种苗;组培苗,,,
453df721-a43c-48b1-b5db-e13e9e349bc5,叶,,,
453df721-a43c-48b1-b5db-e13e9e349bc5,茎;枝;芽,,,
453df721-a43c-48b1-b5db-e13e9e349bc5,花,,,
453df721-a43c-48b1-b5db-e13e9e349bc5,果实（包括果柄）,,,
453df721-a43c-48b1-b5db-e13e9e349bc5,根,,,
7a784fcf-96df-45e8-85df-481130892c36,种子,,,
7a784fcf-96df-45e8-85df-481130892c36,种苗;组培苗,,,
7a784fcf-96df-45e8-85df-481130892c36,叶,,,
7a784fcf-96df-45e8-85df-481130892c36,全株,,,
7a784fcf-96df-45e8-85df-481130892c36,茎;枝;芽,,,
7a784fcf-96df-45e8-85df-481130892c36,花,,,
7a784fcf-96df-45e8-85df-481130892c36,果实（包括果柄）,,,
7a784fcf-96df-45e8-85df-481130892c36,根,,,
2a9b9ba9-9801-482f-9d06-823f98d295d1,种子,,不可见,
2a9b9ba9-9801-482f-9d06-823f98d295d1,种苗;组培苗,,不可见,
2a9b9ba9-9801-482f-9d06-823f98d295d1,叶,,不可见,
2a9b9ba9-9801-482f-9d06-823f98d295d1,茎;枝;芽,,不可见,
2a9b9ba9-9801-482f-9d06-823f98d295d1,花,,不可见,
2a9b9ba9-9801-482f-9d06-823f98d295d1,果实（包括果柄）,,不可见,
2a9b9ba9-9801-482f-9d06-823f98d295d1,根,,不可见,
34f55b25-e97b-4db1-8a96-09ed1a28c347,种子,,,
34f55b25-e97b-4db1-8a96-09ed1a28c347,种苗;组培苗,,,
34f55b25-e97b-4db1-8a96-09ed1a28c347,叶,,,
34f55b25-e97b-4db1-8a96-09ed1a28c347,花,,,
34f55b25-e97b-4db1-8a96-09ed1a28c347,果实（包括果柄）,,,
34f55b25-e97b-4db1-8a96-09ed1a28c347,根,,,
d0b80816-5e38-41c5-ad53-ad15e48f63dd,种子,,,
d0b80816-5e38-41c5-ad53-ad15e48f63dd,种苗;组培苗,,,
d0b80816-5e38-41c5-ad53-ad15e48f63dd,叶,,,
d0b80816-5e38-41c5-ad53-ad15e48f63dd,茎;枝;芽,,,
d0b80816-5e38-41c5-ad53-ad15e48f63dd,花,,,
d0b80816-5e38-41c5-ad53-ad15e48f63dd,果实（包括果柄）,,,
d0b80816-5e38-41c5-ad53-ad15e48f63dd,根,,,
856c9eac-bc11-49af-aa05-c356ec2033b1,全株,,,
afed57c2-5cbf-420f-867b-506574e449d4,种子,,,
afed57c2-5cbf-420f-867b-506574e449d4,种苗;组培苗,,,
afed57c2-5cbf-420f-867b-506574e449d4,叶,,,
afed57c2-5cbf-420f-867b-506574e449d4,茎;枝;芽,,,
afed57c2-5cbf-420f-867b-506574e449d4,花,,,
afed57c2-5cbf-420f-867b-506574e449d4,果实（包括果柄）,,,
afed57c2-5cbf-420f-867b-506574e449d4,根,,,
cd301f21-3686-4d8b-93ca-a520bc31f146,种子,,,
cd301f21-3686-4d8b-93ca-a520bc31f146,种苗;组培苗,,,
cd301f21-3686-4d8b-93ca-a520bc31f146,叶,,,
cd301f21-3686-4d8b-93ca-a520bc31f146,花,,,
cd301f21-3686-4d8b-93ca-a520bc31f146,根,,,
3279cf07-4864-44f9-84d2-84ae3b4ab357,种子,,,
3279cf07-4864-44f9-84d2-84ae3b4ab357,种苗;组培苗,,,
3279cf07-4864-44f9-84d2-84ae3b4ab357,叶,,,
3279cf07-4864-44f9-84d2-84ae3b4ab357,全株,,,
3279cf07-4864-44f9-84d2-84ae3b4ab357,茎;枝;芽,,裸眼可见,
3279cf07-4864-44f9-84d2-84ae3b4ab357,花,,不可见,
3279cf07-4864-44f9-84d2-84ae3b4ab357,果实（包括果柄）,,不可见,
3279cf07-4864-44f9-84d2-84ae3b4ab357,根,,不可见,
4015443a-06ca-4acd-8175-63aa8abf5895,种子,,,
4015443a-06ca-4acd-8175-63aa8abf5895,种苗;组培苗,,不可见,
4015443a-06ca-4acd-8175-63aa8abf5895,叶,,裸眼可见,
4015443a-06ca-4acd-8175-63aa8abf5895,茎;枝;芽,,不可见,
4015443a-06ca-4acd-8175-63aa8abf5895,花,,,
4015443a-06ca-4acd-8175-63aa8abf5895,果实（包括果柄）,,,
4015443a-06ca-4acd-8175-63aa8abf5895,根,,,
b829fb9b-2842-4cb5-8e24-08355d609df5,种子,,不可见,
b829fb9b-2842-4cb5-8e24-08355d609df5,种苗;组培苗,,不可见,
b829fb9b-2842-4cb5-8e24-08355d609df5,叶,,不可见,
b829fb9b-2842-4cb5-8e24-08355d609df5,木材,,不可见,
b829fb9b-2842-4cb5-8e24-08355d609df5,茎;枝;芽,,不可见,
b829fb9b-2842-4cb5-8e24-08355d609df5,花,,不可见,
b829fb9b-2842-4cb5-8e24-08355d609df5,果实（包括果柄）,,不可见,
b829fb9b-2842-4cb5-8e24-08355d609df5,根,,不可见,
9ee17673-b042-46dd-b6c6-5f8d46473313,种子,,,
9ee17673-b042-46dd-b6c6-5f8d46473313,种苗;组培苗,,,
9ee17673-b042-46dd-b6c6-5f8d46473313,叶,,,
9ee17673-b042-46dd-b6c6-5f8d46473313,茎;枝;芽,,,
9ee17673-b042-46dd-b6c6-5f8d46473313,花,,,
9ee17673-b042-46dd-b6c6-5f8d46473313,根,,,
4bd52935-04ac-41ab-a820-c1e6b32b24c7,种子,,,
4bd52935-04ac-41ab-a820-c1e6b32b24c7,种苗;组培苗,,,
4bd52935-04ac-41ab-a820-c1e6b32b24c7,叶,,,
4bd52935-04ac-41ab-a820-c1e6b32b24c7,全株,,,
4bd52935-04ac-41ab-a820-c1e6b32b24c7,茎;枝;芽,,,
4bd52935-04ac-41ab-a820-c1e6b32b24c7,花,,,
4bd52935-04ac-41ab-a820-c1e6b32b24c7,果实（包括果柄）,,,
4bd52935-04ac-41ab-a820-c1e6b32b24c7,根,,,
0973c7fc-0f7d-4dda-857b-d09eeb6af283,种子,,,
0973c7fc-0f7d-4dda-857b-d09eeb6af283,种苗;组培苗,,,
0973c7fc-0f7d-4dda-857b-d09eeb6af283,叶,,,
0973c7fc-0f7d-4dda-857b-d09eeb6af283,茎;枝;芽,,,
0973c7fc-0f7d-4dda-857b-d09eeb6af283,花,,,
0973c7fc-0f7d-4dda-857b-d09eeb6af283,果实（包括果柄）,,,
0973c7fc-0f7d-4dda-857b-d09eeb6af283,根,,,
9826c067-4c7f-486e-a20f-518d8b251d56,叶,,,
6522a546-5a5a-431a-90c8-9d9219e69c2e,叶,,,
d968d1b0-6671-4d5b-9a9c-41fd87cd927d,叶,,,
822b8b25-ef35-454a-a4c8-7e2d8023b941,叶,,,
397cc364-6555-49ad-a3d0-c70f1d8c2292,种子,,,
397cc364-6555-49ad-a3d0-c70f1d8c2292,种苗;组培苗,,,
397cc364-6555-49ad-a3d0-c70f1d8c2292,叶,,,
397cc364-6555-49ad-a3d0-c70f1d8c2292,全株,,,
397cc364-6555-49ad-a3d0-c70f1d8c2292,花,,,
397cc364-6555-49ad-a3d0-c70f1d8c2292,根,,,
5b1567b4-283a-4237-84d5-04a10b7866df,叶,,,
7f6b9582-91f6-43c1-9103-77e20a9d9ae4,叶,,,
75109c2c-9824-45bf-b813-7d0403096c3a,全株,,,
8df93746-92e9-43da-a0ed-c609679f843f,种子,种子,,
8df93746-92e9-43da-a0ed-c609679f843f,叶,整株,,
8df93746-92e9-43da-a0ed-c609679f843f,树皮,,,
8df93746-92e9-43da-a0ed-c609679f843f,茎;枝;芽,,,
8df93746-92e9-43da-a0ed-c609679f843f,根,整株,,
ada86be7-64f2-490b-87e3-4f42ad3c4d8f,叶,,,
ada86be7-64f2-490b-87e3-4f42ad3c4d8f,生长介质,,,
ada86be7-64f2-490b-87e3-4f42ad3c4d8f,花,卵/幼虫,光学显微镜可见,
ada86be7-64f2-490b-87e3-4f42ad3c4d8f,果实（包括果柄）,成虫,裸眼可见,
b40bb8f3-17e4-46b2-8b5d-8ad67e0907be,枝,,,
b40bb8f3-17e4-46b2-8b5d-8ad67e0907be,叶,,,
b40bb8f3-17e4-46b2-8b5d-8ad67e0907be,木材,卵/幼虫/蛹/成虫,裸眼可见,
b40bb8f3-17e4-46b2-8b5d-8ad67e0907be,茎;枝;芽,卵/幼虫/蛹/成虫,裸眼可见,
b40bb8f3-17e4-46b2-8b5d-8ad67e0907be,茎,,,
441c50fd-4115-43a4-a514-837405590d7c,全株,,,
00972737-6b4a-4830-a279-2a060b7663f8,枝,,,
00972737-6b4a-4830-a279-2a060b7663f8,叶,,,
00972737-6b4a-4830-a279-2a060b7663f8,芽,,,
00972737-6b4a-4830-a279-2a060b7663f8,果实（包括果柄）,,,
00972737-6b4a-4830-a279-2a060b7663f8,根,,,
05d80576-bc1b-49e6-b170-611d32ae5bc1,全株,,,
4cb6c4cc-b890-4522-bb79-a918f6b1bcf3,叶,孢子/菌丝,裸眼可见,
4cb6c4cc-b890-4522-bb79-a918f6b1bcf3,茎;枝;芽,孢子/菌丝,裸眼可见,
4cb6c4cc-b890-4522-bb79-a918f6b1bcf3,果实（包括果柄）,孢子/菌丝,裸眼可见,
cd8c6679-2a10-4a69-bd93-145c0de5c6a7,全株,,,
7c52e792-8b77-474e-baf7-7f2964c099ae,叶,,,
7c52e792-8b77-474e-baf7-7f2964c099ae,茎;枝;芽,,,
821633ac-ed44-4311-b839-22055c86d468,根,,,
d30653e5-59d8-413c-832c-52ed6cce1b20,种子,,不可见,
d30653e5-59d8-413c-832c-52ed6cce1b20,种苗;组培苗,,裸眼可见,
d30653e5-59d8-413c-832c-52ed6cce1b20,叶,,裸眼可见,
d30653e5-59d8-413c-832c-52ed6cce1b20,全株,,,
d30653e5-59d8-413c-832c-52ed6cce1b20,茎;枝;芽,,不可见,
d30653e5-59d8-413c-832c-52ed6cce1b20,茎,,,
d30653e5-59d8-413c-832c-52ed6cce1b20,花,,不可见,
d30653e5-59d8-413c-832c-52ed6cce1b20,果实（包括果柄）,,不可见,
d30653e5-59d8-413c-832c-52ed6cce1b20,根,,不可见,
4870cc91-fb89-461a-bce8-f24703b17045,种子,,,
4870cc91-fb89-461a-bce8-f24703b17045,种苗;组培苗,,,
4870cc91-fb89-461a-bce8-f24703b17045,叶,,,
4870cc91-fb89-461a-bce8-f24703b17045,茎;枝;芽,,,
4870cc91-fb89-461a-bce8-f24703b17045,花,,,
4870cc91-fb89-461a-bce8-f24703b17045,果实（包括果柄）,,,
4870cc91-fb89-461a-bce8-f24703b17045,根,,,
f5c178ce-0cd4-447a-83e7-b509d8608824,种子,,不可见,
f5c178ce-0cd4-447a-83e7-b509d8608824,叶,,,
607da764-4c99-4e16-abb4-08f76c12e0e9,种子,,,
607da764-4c99-4e16-abb4-08f76c12e0e9,种苗;组培苗,,,
607da764-4c99-4e16-abb4-08f76c12e0e9,叶,,,
607da764-4c99-4e16-abb4-08f76c12e0e9,茎;枝;芽,,,
607da764-4c99-4e16-abb4-08f76c12e0e9,花,,,
607da764-4c99-4e16-abb4-08f76c12e0e9,果实（包括果柄）,,,
607da764-4c99-4e16-abb4-08f76c12e0e9,根,,,
17af19fe-c455-42a7-870f-bd56dc6f95c5,全株,,,
a16aff4d-bc70-49fa-b829-8b8663440f72,种苗;组培苗,,不可见,
a16aff4d-bc70-49fa-b829-8b8663440f72,叶,,不可见,
a16aff4d-bc70-49fa-b829-8b8663440f72,茎;枝;芽,,不可见,
a16aff4d-bc70-49fa-b829-8b8663440f72,花,,不可见,
a16aff4d-bc70-49fa-b829-8b8663440f72,根,,不可见,
e5863c26-86ec-46dd-8b59-fce35346a482,种子,,,
e5863c26-86ec-46dd-8b59-fce35346a482,种苗;组培苗,,,
e5863c26-86ec-46dd-8b59-fce35346a482,叶,,,
e5863c26-86ec-46dd-8b59-fce35346a482,茎;枝;芽,,,
e5863c26-86ec-46dd-8b59-fce35346a482,花,,,
e5863c26-86ec-46dd-8b59-fce35346a482,果实（包括果柄）,,,
e5863c26-86ec-46dd-8b59-fce35346a482,根,,,
6bf3a57f-79e3-4ce1-970a-4c3faaf7648f,种苗;组培苗,,裸眼可见,
6bf3a57f-79e3-4ce1-970a-4c3faaf7648f,叶,,裸眼可见,
6bf3a57f-79e3-4ce1-970a-4c3faaf7648f,茎;枝;芽,,不可见,
6bf3a57f-79e3-4ce1-970a-4c3faaf7648f,花,,不可见,
6bf3a57f-79e3-4ce1-970a-4c3faaf7648f,根,,不可见,
8d63b88b-fbb4-466f-bc8a-50bb7deaab23,种苗;组培苗,,裸眼可见,
8d63b88b-fbb4-466f-bc8a-50bb7deaab23,叶,,裸眼可见,
8d63b88b-fbb4-466f-bc8a-50bb7deaab23,茎;枝;芽,,不可见,
8d63b88b-fbb4-466f-bc8a-50bb7deaab23,花,,不可见,
8d63b88b-fbb4-466f-bc8a-50bb7deaab23,根,,不可见,
0255cfcd-0951-4e81-9854-efe3f331a12f,种苗;组培苗,,裸眼可见,
0255cfcd-0951-4e81-9854-efe3f331a12f,叶,,裸眼可见,
0255cfcd-0951-4e81-9854-efe3f331a12f,茎;枝;芽,,不可见,
0255cfcd-0951-4e81-9854-efe3f331a12f,花,,不可见,
0255cfcd-0951-4e81-9854-efe3f331a12f,根,,不可见,
89e9ed10-59a5-4b24-b2aa-915a49046d7c,种子,,,
89e9ed10-59a5-4b24-b2aa-915a49046d7c,种苗;组培苗,,,
89e9ed10-59a5-4b24-b2aa-915a49046d7c,叶,,,
89e9ed10-59a5-4b24-b2aa-915a49046d7c,花,,,
89e9ed10-59a5-4b24-b2aa-915a49046d7c,果实（包括果柄）,,,
89e9ed10-59a5-4b24-b2aa-915a49046d7c,根,,,
03d9ceb5-1a1a-44d4-ab31-e34dead1ea1a,叶,,,
da356094-87ff-434d-9b6b-5b4250090c92,全株,,,
9be9f023-8efb-41a5-934f-cf3eeb96cc5f,全株,,,
e5e5fd2d-81df-4829-ae26-72930fb84ffe,种子,,,
e5e5fd2d-81df-4829-ae26-72930fb84ffe,种苗;组培苗,,裸眼可见,
e5e5fd2d-81df-4829-ae26-72930fb84ffe,叶,,裸眼可见,
e5e5fd2d-81df-4829-ae26-72930fb84ffe,鳞球茎（包括鳞茎/块茎/块根）,,不可见,
e5e5fd2d-81df-4829-ae26-72930fb84ffe,茎;枝;芽,,不可见,
e5e5fd2d-81df-4829-ae26-72930fb84ffe,花,,不可见,
e5e5fd2d-81df-4829-ae26-72930fb84ffe,果实（包括果柄）,,不可见,
e5e5fd2d-81df-4829-ae26-72930fb84ffe,根,,不可见,
cc1eddc4-eae5-41ee-97a2-3aa5ebaf981b,种子,,,
cc1eddc4-eae5-41ee-97a2-3aa5ebaf981b,种苗;组培苗,,,
cc1eddc4-eae5-41ee-97a2-3aa5ebaf981b,叶,,,
cc1eddc4-eae5-41ee-97a2-3aa5ebaf981b,茎;枝;芽,,,
cc1eddc4-eae5-41ee-97a2-3aa5ebaf981b,花,,,
cc1eddc4-eae5-41ee-97a2-3aa5ebaf981b,果实（包括果柄）,,,
cc1eddc4-eae5-41ee-97a2-3aa5ebaf981b,根,,,
77c13f5f-44e6-4691-8005-2198bc076520,种子,,,
77c13f5f-44e6-4691-8005-2198bc076520,种苗;组培苗,,,
77c13f5f-44e6-4691-8005-2198bc076520,叶,,,
77c13f5f-44e6-4691-8005-2198bc076520,茎;枝;芽,,,
77c13f5f-44e6-4691-8005-2198bc076520,花,,,
77c13f5f-44e6-4691-8005-2198bc076520,果实（包括果柄）,,,
77c13f5f-44e6-4691-8005-2198bc076520,根,,,
e9e725f0-c557-4477-8a81-aa78a2e0a269,种子,,,
e9e725f0-c557-4477-8a81-aa78a2e0a269,种苗;组培苗,,,
e9e725f0-c557-4477-8a81-aa78a2e0a269,叶,,,
e9e725f0-c557-4477-8a81-aa78a2e0a269,茎;枝;芽,,,
e9e725f0-c557-4477-8a81-aa78a2e0a269,花,,,
e9e725f0-c557-4477-8a81-aa78a2e0a269,果实（包括果柄）,,,
e9e725f0-c557-4477-8a81-aa78a2e0a269,根,,,
6fa736ec-a792-417d-bd19-25d80afc2842,种子,,,
6fa736ec-a792-417d-bd19-25d80afc2842,种苗;组培苗,,,
6fa736ec-a792-417d-bd19-25d80afc2842,叶,,,
6fa736ec-a792-417d-bd19-25d80afc2842,茎;枝;芽,,,
6fa736ec-a792-417d-bd19-25d80afc2842,花,,,
6fa736ec-a792-417d-bd19-25d80afc2842,果实（包括果柄）,,,
6fa736ec-a792-417d-bd19-25d80afc2842,根,,,
922936be-6ddf-40fe-bcff-39b8413c8587,全株,,,
e9b5d862-73a6-4ecc-8dd1-9c5e359a26f3,全株,,,
db00ba89-673b-4897-8370-fbe9fa82a989,种子,,,
db00ba89-673b-4897-8370-fbe9fa82a989,种苗;组培苗,,,
db00ba89-673b-4897-8370-fbe9fa82a989,叶,,,
db00ba89-673b-4897-8370-fbe9fa82a989,茎;枝;芽,,,
db00ba89-673b-4897-8370-fbe9fa82a989,花,,,
db00ba89-673b-4897-8370-fbe9fa82a989,果实（包括果柄）,,,
db00ba89-673b-4897-8370-fbe9fa82a989,根,,,
ab63dc0e-0a64-4ac9-b541-ac7352fc6f9f,全株,,,
c0f5ca56-d9d0-4fe8-8e8b-94a53f8dce3e,全株,,,
e9f08cf9-4952-4f46-8496-05b823911d16,叶,,,
c025e4a1-8551-4aaf-8677-4f23c1889a1f,种子,,,
c025e4a1-8551-4aaf-8677-4f23c1889a1f,种苗;组培苗,,,
c025e4a1-8551-4aaf-8677-4f23c1889a1f,叶,,,
c025e4a1-8551-4aaf-8677-4f23c1889a1f,茎;枝;芽,,,
c025e4a1-8551-4aaf-8677-4f23c1889a1f,花,,,
c025e4a1-8551-4aaf-8677-4f23c1889a1f,果实（包括果柄）,,,
c025e4a1-8551-4aaf-8677-4f23c1889a1f,根,,,
b912885b-9a59-49c3-a0ed-23e54274f9c0,全株,,,
acc3c60e-cd91-4f6f-ba10-b000319bbc55,叶,,,
751f03f5-43cf-4f79-bd53-9301e43eaff0,全株,,,
1da94e90-68f7-41a9-bad8-6e18c2d29672,全株,,,
94881a5b-bc71-4872-889d-2b6cb1de79bc,叶,,,
a705e662-cacb-4adb-bfcc-ad868961ee93,全株,,,
be416764-5c2e-40ff-acc7-0dcb416a4f2d,种子,,,
be416764-5c2e-40ff-acc7-0dcb416a4f2d,种苗;组培苗,,,
be416764-5c2e-40ff-acc7-0dcb416a4f2d,叶,,,
be416764-5c2e-40ff-acc7-0dcb416a4f2d,花,,,
be416764-5c2e-40ff-acc7-0dcb416a4f2d,根,,,
9b11c3a1-c8be-44ae-9602-f17216493136,全株,,,
a693993c-c616-4de0-bd4a-fb637697770f,种子,,,
a693993c-c616-4de0-bd4a-fb637697770f,种苗;组培苗,,,
a693993c-c616-4de0-bd4a-fb637697770f,叶,,,
a693993c-c616-4de0-bd4a-fb637697770f,茎;枝;芽,,,
a693993c-c616-4de0-bd4a-fb637697770f,花,,,
a693993c-c616-4de0-bd4a-fb637697770f,果实（包括果柄）,,,
a693993c-c616-4de0-bd4a-fb637697770f,根,,,
90d0bc9e-e203-4d8c-be82-900f8dda999f,叶,,不可见,
90d0bc9e-e203-4d8c-be82-900f8dda999f,茎;枝;芽,,不可见,
90d0bc9e-e203-4d8c-be82-900f8dda999f,花,,不可见,
90d0bc9e-e203-4d8c-be82-900f8dda999f,果实（包括果柄）,,裸眼可见,
90d0bc9e-e203-4d8c-be82-900f8dda999f,根,,不可见,
bae1e59e-5c5b-4a41-9195-d49738a800f8,叶,,不可见,
bae1e59e-5c5b-4a41-9195-d49738a800f8,全株,,,
bae1e59e-5c5b-4a41-9195-d49738a800f8,木材,,不可见,
bae1e59e-5c5b-4a41-9195-d49738a800f8,茎;枝;芽,,不可见,
bae1e59e-5c5b-4a41-9195-d49738a800f8,果实（包括果柄）,,,
7b1424cb-eb47-4ee1-83e9-13b69cee997c,全株,,,
68240036-a907-46a9-9acd-2dc31fa8fe8b,叶,,,
68240036-a907-46a9-9acd-2dc31fa8fe8b,茎;枝;芽,,,
68240036-a907-46a9-9acd-2dc31fa8fe8b,果实（包括果柄）,,,
90b24b94-0d83-41c3-a234-3849f86ac690,种苗;组培苗,,不可见,
90b24b94-0d83-41c3-a234-3849f86ac690,叶,,不可见,
90b24b94-0d83-41c3-a234-3849f86ac690,茎;枝;芽,,不可见,
90b24b94-0d83-41c3-a234-3849f86ac690,花,,不可见,
90b24b94-0d83-41c3-a234-3849f86ac690,根,,不可见,
a19f4885-4aed-47ef-b919-20e2903e9dc6,全株,,,
c7ea7c09-022b-4644-b7ef-802d22697fdd,叶,,不可见,
c7ea7c09-022b-4644-b7ef-802d22697fdd,树皮,,不可见,
c7ea7c09-022b-4644-b7ef-802d22697fdd,全株,,,
c7ea7c09-022b-4644-b7ef-802d22697fdd,木材,,不可见,
c7ea7c09-022b-4644-b7ef-802d22697fdd,茎;枝;芽,,不可见,
c7ea7c09-022b-4644-b7ef-802d22697fdd,茎,,,
c7ea7c09-022b-4644-b7ef-802d22697fdd,花,,不可见,
c7ea7c09-022b-4644-b7ef-802d22697fdd,果实（包括果柄）,,不可见,
c7ea7c09-022b-4644-b7ef-802d22697fdd,根,,不可见,
a6f5d367-8add-4d58-8451-b62a1cfe9965,种子,,不可见,
a6f5d367-8add-4d58-8451-b62a1cfe9965,种苗;组培苗,,不可见,
a6f5d367-8add-4d58-8451-b62a1cfe9965,叶,,不可见,
a6f5d367-8add-4d58-8451-b62a1cfe9965,树皮,,不可见,
a6f5d367-8add-4d58-8451-b62a1cfe9965,木材,,不可见,
a6f5d367-8add-4d58-8451-b62a1cfe9965,茎;枝;芽,,不可见,
a6f5d367-8add-4d58-8451-b62a1cfe9965,花,,不可见,
a6f5d367-8add-4d58-8451-b62a1cfe9965,果实（包括果柄）,,不可见,
1b660924-aaa4-40e0-bd3e-cc23c81ca752,全株,,,
3c6f20d2-f236-4fa1-acde-b961293fd627,叶,,,
3c6f20d2-f236-4fa1-acde-b961293fd627,茎;枝;芽,,,
74cf5ed2-b397-4781-b8e0-f4413b94edd6,种子,,,
74cf5ed2-b397-4781-b8e0-f4413b94edd6,种苗;组培苗,,,
74cf5ed2-b397-4781-b8e0-f4413b94edd6,叶,,,
74cf5ed2-b397-4781-b8e0-f4413b94edd6,全株,,,
74cf5ed2-b397-4781-b8e0-f4413b94edd6,茎;枝;芽,,,
74cf5ed2-b397-4781-b8e0-f4413b94edd6,花,,,
74cf5ed2-b397-4781-b8e0-f4413b94edd6,果实（包括果柄）,,,
74cf5ed2-b397-4781-b8e0-f4413b94edd6,根,,,
0ae74aa0-4e7a-49dd-a51e-40561a73a560,全株,,,
9bfe88a3-aea6-4848-8b10-a89c590ac3b2,全株,,,
f2ebcae1-4cd5-4d1c-aa2b-064d31e86820,全株,,,
1f0ab1f1-0718-4b56-8c3c-299fa6434702,全株,,,
96769544-d637-4055-878a-5be135a3774c,叶,,裸眼可见,
96769544-d637-4055-878a-5be135a3774c,茎;枝;芽,,裸眼可见,
96769544-d637-4055-878a-5be135a3774c,花,,不可见,
96769544-d637-4055-878a-5be135a3774c,果实（包括果柄）,,不可见,
e90286ca-0dc8-44d2-907f-8350a4e2a70d,全株,,,
57c8e366-606f-475d-897d-321415aced45,叶,,,
f864d8f1-21e4-432a-b01e-d593f657791a,种子,,,
f864d8f1-21e4-432a-b01e-d593f657791a,种苗;组培苗,,,
f864d8f1-21e4-432a-b01e-d593f657791a,叶,,,
f864d8f1-21e4-432a-b01e-d593f657791a,花,,,
f864d8f1-21e4-432a-b01e-d593f657791a,果实（包括果柄）,,,
f864d8f1-21e4-432a-b01e-d593f657791a,根,,,
a9cbd5c6-9c10-48e8-908f-72828ef8cba7,种子,,,
a9cbd5c6-9c10-48e8-908f-72828ef8cba7,种苗;组培苗,,,
a9cbd5c6-9c10-48e8-908f-72828ef8cba7,叶,,,
a9cbd5c6-9c10-48e8-908f-72828ef8cba7,茎;枝;芽,,,
a9cbd5c6-9c10-48e8-908f-72828ef8cba7,花,,,
a9cbd5c6-9c10-48e8-908f-72828ef8cba7,果实（包括果柄）,,,
a9cbd5c6-9c10-48e8-908f-72828ef8cba7,根,,,
34f4f8a1-7673-498d-adb5-0ee02bc59812,种子,,裸眼可见,
34f4f8a1-7673-498d-adb5-0ee02bc59812,种苗;组培苗,,裸眼可见,
34f4f8a1-7673-498d-adb5-0ee02bc59812,叶,,裸眼可见,
34f4f8a1-7673-498d-adb5-0ee02bc59812,茎;枝;芽,,不可见,
34f4f8a1-7673-498d-adb5-0ee02bc59812,花,,不可见,
34f4f8a1-7673-498d-adb5-0ee02bc59812,果实（包括果柄）,,,
34f4f8a1-7673-498d-adb5-0ee02bc59812,根,,不可见,
be8fea5c-a9f9-4c47-9f64-8c7da9b4ae45,种子,,,
be8fea5c-a9f9-4c47-9f64-8c7da9b4ae45,种苗;组培苗,,,
be8fea5c-a9f9-4c47-9f64-8c7da9b4ae45,叶,,,
be8fea5c-a9f9-4c47-9f64-8c7da9b4ae45,花,,,
be8fea5c-a9f9-4c47-9f64-8c7da9b4ae45,果实（包括果柄）,,,
be8fea5c-a9f9-4c47-9f64-8c7da9b4ae45,根,,,
651796aa-e474-480a-80ed-05c94cd23fe4,种子,,,
651796aa-e474-480a-80ed-05c94cd23fe4,种苗;组培苗,,,
651796aa-e474-480a-80ed-05c94cd23fe4,叶,,,
651796aa-e474-480a-80ed-05c94cd23fe4,茎;枝;芽,,,
651796aa-e474-480a-80ed-05c94cd23fe4,花,,,
651796aa-e474-480a-80ed-05c94cd23fe4,果实（包括果柄）,,,
651796aa-e474-480a-80ed-05c94cd23fe4,根,,,
6af1f7cf-abb4-4b31-9f43-17f065abcdf3,种子,,,
6af1f7cf-abb4-4b31-9f43-17f065abcdf3,种苗;组培苗,,裸眼可见,
6af1f7cf-abb4-4b31-9f43-17f065abcdf3,叶,,裸眼可见,
6af1f7cf-abb4-4b31-9f43-17f065abcdf3,茎;枝;芽,,不可见,
6af1f7cf-abb4-4b31-9f43-17f065abcdf3,花,,不可见,
6af1f7cf-abb4-4b31-9f43-17f065abcdf3,果实（包括果柄）,,裸眼可见,
6af1f7cf-abb4-4b31-9f43-17f065abcdf3,根,,不可见,
870a21af-3e36-443c-937c-92406fb121dc,茎;枝;芽,,,
7ef9d132-4e67-4cd8-951a-96e1569ac87a,树皮,,裸眼可见,
7ef9d132-4e67-4cd8-951a-96e1569ac87a,木材,,裸眼可见,
7ef9d132-4e67-4cd8-951a-96e1569ac87a,茎;枝;芽,,裸眼可见,
f2e26dd7-229b-44bd-b48c-926f20f01b2e,叶,,裸眼可见,
f2e26dd7-229b-44bd-b48c-926f20f01b2e,生长介质,,不可见,
f2e26dd7-229b-44bd-b48c-926f20f01b2e,鳞球茎（包括鳞茎/块茎/块根）,,裸眼可见,
f2e26dd7-229b-44bd-b48c-926f20f01b2e,茎;枝;芽,,裸眼可见,
f2e26dd7-229b-44bd-b48c-926f20f01b2e,根,,不可见,
3fce5eb0-7c5f-45fb-b737-32ddb831110b,种子,,,
3fce5eb0-7c5f-45fb-b737-32ddb831110b,种苗;组培苗,,,
3fce5eb0-7c5f-45fb-b737-32ddb831110b,叶,,,
3fce5eb0-7c5f-45fb-b737-32ddb831110b,茎;枝;芽,,,
3fce5eb0-7c5f-45fb-b737-32ddb831110b,花,,,
3fce5eb0-7c5f-45fb-b737-32ddb831110b,果实（包括果柄）,,,
3fce5eb0-7c5f-45fb-b737-32ddb831110b,根,,,
ed67f19b-f83a-4329-bbac-8a34e40face4,叶,,,
3fee8d61-c514-42a5-9f95-8a9dce614b0b,叶,,,
3fee8d61-c514-42a5-9f95-8a9dce614b0b,鳞球茎（包括鳞茎/块茎/块根）,,裸眼可见,
3fee8d61-c514-42a5-9f95-8a9dce614b0b,茎;枝;芽,,,
3fee8d61-c514-42a5-9f95-8a9dce614b0b,根,,,
f9f0bb2e-85e2-4e93-82d7-435ddbe55288,种子,,不可见,
f9f0bb2e-85e2-4e93-82d7-435ddbe55288,种苗;组培苗,,不可见,
f9f0bb2e-85e2-4e93-82d7-435ddbe55288,叶,,不可见,
f9f0bb2e-85e2-4e93-82d7-435ddbe55288,全株,,,
f9f0bb2e-85e2-4e93-82d7-435ddbe55288,茎;枝;芽,,不可见,
f9f0bb2e-85e2-4e93-82d7-435ddbe55288,花,,不可见,
f9f0bb2e-85e2-4e93-82d7-435ddbe55288,果实（包括果柄）,,,
f9f0bb2e-85e2-4e93-82d7-435ddbe55288,根,,不可见,
6a8ea2cc-4309-448c-b48b-f9f10b3edbc7,种子,,,
6a8ea2cc-4309-448c-b48b-f9f10b3edbc7,种苗;组培苗,,,
6a8ea2cc-4309-448c-b48b-f9f10b3edbc7,叶,,,
6a8ea2cc-4309-448c-b48b-f9f10b3edbc7,茎;枝;芽,,,
6a8ea2cc-4309-448c-b48b-f9f10b3edbc7,花,,,
6a8ea2cc-4309-448c-b48b-f9f10b3edbc7,果实（包括果柄）,,,
6a8ea2cc-4309-448c-b48b-f9f10b3edbc7,根,,,
030a61c9-fcca-4e4d-8920-29d66f4458b3,种子,,,
030a61c9-fcca-4e4d-8920-29d66f4458b3,种苗;组培苗,,,
030a61c9-fcca-4e4d-8920-29d66f4458b3,叶,,,
030a61c9-fcca-4e4d-8920-29d66f4458b3,茎;枝;芽,,,
030a61c9-fcca-4e4d-8920-29d66f4458b3,花,,,
030a61c9-fcca-4e4d-8920-29d66f4458b3,果实（包括果柄）,,,
030a61c9-fcca-4e4d-8920-29d66f4458b3,根,,,
86bb1dd2-b92e-4d94-8d4f-33b8777d915d,全株,,,
33d66014-148d-4a90-88c0-45f7fc41ad23,种子,,,
33d66014-148d-4a90-88c0-45f7fc41ad23,种苗;组培苗,,,
33d66014-148d-4a90-88c0-45f7fc41ad23,叶,,,
33d66014-148d-4a90-88c0-45f7fc41ad23,花,,,
33d66014-148d-4a90-88c0-45f7fc41ad23,果实（包括果柄）,,,
33d66014-148d-4a90-88c0-45f7fc41ad23,根,,,
e29de6c1-74de-4b4e-9d40-55839753a961,种子,,不可见,
e29de6c1-74de-4b4e-9d40-55839753a961,种苗;组培苗,,不可见,
e29de6c1-74de-4b4e-9d40-55839753a961,叶,,不可见,
e29de6c1-74de-4b4e-9d40-55839753a961,树皮,,不可见,
e29de6c1-74de-4b4e-9d40-55839753a961,木材,,不可见,
e29de6c1-74de-4b4e-9d40-55839753a961,茎;枝;芽,,不可见,
e29de6c1-74de-4b4e-9d40-55839753a961,花,,不可见,
e29de6c1-74de-4b4e-9d40-55839753a961,果实（包括果柄）,,不可见,
e29de6c1-74de-4b4e-9d40-55839753a961,根,,不可见,
e6a8d74e-a444-4231-aec1-bffcea543edd,种子,,,
e6a8d74e-a444-4231-aec1-bffcea543edd,种苗;组培苗,,,
e6a8d74e-a444-4231-aec1-bffcea543edd,叶,,,
e6a8d74e-a444-4231-aec1-bffcea543edd,茎;枝;芽,,,
e6a8d74e-a444-4231-aec1-bffcea543edd,花,,,
e6a8d74e-a444-4231-aec1-bffcea543edd,果实（包括果柄）,,,
e6a8d74e-a444-4231-aec1-bffcea543edd,根,,,
575c782b-ff82-47d1-9484-8f6e3a53111d,叶,,,
575c782b-ff82-47d1-9484-8f6e3a53111d,茎;枝;芽,,,
575c782b-ff82-47d1-9484-8f6e3a53111d,根,,,
ce5ed412-1e78-41fd-965f-71a10ea7864a,种子,,不可见,
ce5ed412-1e78-41fd-965f-71a10ea7864a,种苗;组培苗,,,
ce5ed412-1e78-41fd-965f-71a10ea7864a,叶,,不可见,
ce5ed412-1e78-41fd-965f-71a10ea7864a,木材,,裸眼可见,
ce5ed412-1e78-41fd-965f-71a10ea7864a,茎;枝;芽,,不可见,
ce5ed412-1e78-41fd-965f-71a10ea7864a,花,,不可见,
ce5ed412-1e78-41fd-965f-71a10ea7864a,果实（包括果柄）,,,
ce5ed412-1e78-41fd-965f-71a10ea7864a,根,,不可见,
c8af6805-78bb-4e70-b431-69fad05102c4,叶,,,
ae2c6089-c443-4f68-849a-a8298fa071e7,生长介质,种子,,
ae2c6089-c443-4f68-849a-a8298fa071e7,花,种子,,
ae2c6089-c443-4f68-849a-a8298fa071e7,果实（包括果柄）,种子,,
2efac029-bd6a-4e26-93d3-a53e1c0fec4c,全株,,,
b5457142-1e2a-4f52-821c-ba17fc75c69a,全株,,,
33aef924-78ab-4212-884e-d6d69ac58df5,全株,,,
f54e716c-8656-4452-83c4-3131a39cd94b,种子,,,
f54e716c-8656-4452-83c4-3131a39cd94b,种苗;组培苗,,,
f54e716c-8656-4452-83c4-3131a39cd94b,叶,,,
f54e716c-8656-4452-83c4-3131a39cd94b,茎;枝;芽,,,
f54e716c-8656-4452-83c4-3131a39cd94b,花,,,
f54e716c-8656-4452-83c4-3131a39cd94b,果实（包括果柄）,,,
f54e716c-8656-4452-83c4-3131a39cd94b,根,,,
f904f976-1b28-4b26-b9c5-65c8f2011797,全株,,,
095339f3-38da-4a16-a50c-6aa6c080e606,种子,,,
095339f3-38da-4a16-a50c-6aa6c080e606,种苗;组培苗,,,
095339f3-38da-4a16-a50c-6aa6c080e606,叶,,,
095339f3-38da-4a16-a50c-6aa6c080e606,全株,,,
095339f3-38da-4a16-a50c-6aa6c080e606,茎;枝;芽,,,
095339f3-38da-4a16-a50c-6aa6c080e606,花,,,
095339f3-38da-4a16-a50c-6aa6c080e606,果实（包括果柄）,,,
095339f3-38da-4a16-a50c-6aa6c080e606,根,,,
316e25dd-2f89-454e-8943-d14d687249eb,茎;枝;芽,,,
82d8c7a3-60bb-462f-be6f-95e0841441c8,叶,,,
82d8c7a3-60bb-462f-be6f-95e0841441c8,鳞球茎（包括鳞茎/块茎/块根）,菌丝,光学显微镜可见,
82d8c7a3-60bb-462f-be6f-95e0841441c8,茎;枝;芽,菌丝/子实体,裸眼可见,
82d8c7a3-60bb-462f-be6f-95e0841441c8,根,菌丝,光学显微镜可见,
cd4e8959-ba6e-454f-9356-069eafc3f97f,叶,,,
cd4e8959-ba6e-454f-9356-069eafc3f97f,木材,菌丝,裸眼可见,
cd4e8959-ba6e-454f-9356-069eafc3f97f,鳞球茎（包括鳞茎/块茎/块根）,菌丝,裸眼可见,
cd4e8959-ba6e-454f-9356-069eafc3f97f,茎;枝;芽,菌丝/子实体,裸眼可见,
cd4e8959-ba6e-454f-9356-069eafc3f97f,根,菌丝,裸眼可见,
5fa1b946-3617-4dd1-94b0-dc603cc275f4,叶,,,
5fa1b946-3617-4dd1-94b0-dc603cc275f4,生长介质,孢子,不可见,
5fa1b946-3617-4dd1-94b0-dc603cc275f4,鳞球茎（包括鳞茎/块茎/块根）,孢子/菌丝,裸眼可见,
5fa1b946-3617-4dd1-94b0-dc603cc275f4,茎;枝;芽,孢子/菌丝,裸眼可见,
5fa1b946-3617-4dd1-94b0-dc603cc275f4,根,孢子/菌丝,裸眼可见,
d4381a76-31cd-47b5-8cd5-5b6cbd344022,种子,,,
d4381a76-31cd-47b5-8cd5-5b6cbd344022,种苗;组培苗,,,
d4381a76-31cd-47b5-8cd5-5b6cbd344022,叶,,,
d4381a76-31cd-47b5-8cd5-5b6cbd344022,茎;枝;芽,,,
d4381a76-31cd-47b5-8cd5-5b6cbd344022,花,,,
d4381a76-31cd-47b5-8cd5-5b6cbd344022,根,,,
f64dbc7a-a0e3-4f42-b187-961a231f1d36,全株,,,
dd98eff0-2422-40ab-ad93-785094cee294,种子,,,
dd98eff0-2422-40ab-ad93-785094cee294,种苗;组培苗,,,
dd98eff0-2422-40ab-ad93-785094cee294,叶,,,
dd98eff0-2422-40ab-ad93-785094cee294,茎;枝;芽,,,
dd98eff0-2422-40ab-ad93-785094cee294,花,,,
dd98eff0-2422-40ab-ad93-785094cee294,果实（包括果柄）,,,
dd98eff0-2422-40ab-ad93-785094cee294,根,,,
bcd5c4e5-a9b4-4212-add6-b6f2f11c7ef4,种子,,,
bcd5c4e5-a9b4-4212-add6-b6f2f11c7ef4,种苗;组培苗,,,
bcd5c4e5-a9b4-4212-add6-b6f2f11c7ef4,叶,,,
bcd5c4e5-a9b4-4212-add6-b6f2f11c7ef4,茎;枝;芽,,,
bcd5c4e5-a9b4-4212-add6-b6f2f11c7ef4,花,,,
bcd5c4e5-a9b4-4212-add6-b6f2f11c7ef4,果实（包括果柄）,,,
bcd5c4e5-a9b4-4212-add6-b6f2f11c7ef4,根,,,
851f74c6-599f-482f-a92d-f2c3dc6bf67e,全株,,,
20483a56-1792-409d-980d-91981619144c,叶,,,
20483a56-1792-409d-980d-91981619144c,茎;枝;芽,,,
20483a56-1792-409d-980d-91981619144c,果实（包括果柄）,,,
9c7cb9f2-e5f7-41f2-9cf5-e665066f708a,叶,,,
f6998020-7c8a-4f17-9d63-6dbf74e05b03,种子,孢子/菌丝/子实体,裸眼可见,
f6998020-7c8a-4f17-9d63-6dbf74e05b03,种苗;组培苗,,,
f6998020-7c8a-4f17-9d63-6dbf74e05b03,叶,孢子/菌丝/子实体,裸眼可见,
f6998020-7c8a-4f17-9d63-6dbf74e05b03,树皮,孢子/菌丝/子实体,裸眼可见,
f6998020-7c8a-4f17-9d63-6dbf74e05b03,木材,孢子/菌丝/子实体,裸眼可见,
f6998020-7c8a-4f17-9d63-6dbf74e05b03,鳞球茎（包括鳞茎/块茎/块根）,孢子/菌丝/子实体,裸眼可见,
f6998020-7c8a-4f17-9d63-6dbf74e05b03,茎;枝;芽,孢子/菌丝/子实体,裸眼可见,
f6998020-7c8a-4f17-9d63-6dbf74e05b03,茎,,,
f6998020-7c8a-4f17-9d63-6dbf74e05b03,花,孢子/菌丝/子实体,裸眼可见,
f6998020-7c8a-4f17-9d63-6dbf74e05b03,果实（包括果柄）,孢子/菌丝/子实体,裸眼可见,
f6998020-7c8a-4f17-9d63-6dbf74e05b03,根,孢子/菌丝/子实体,裸眼可见,
5d384c30-d59f-42a9-9bc1-a5d0c6307e66,茎;枝;芽,卵/幼虫/若虫/蛹/成虫,裸眼可见,
2bf0755a-7d7c-448f-b487-5d1935cf5b40,木材,卵/幼虫/蛹/成虫,裸眼可见,
2bf0755a-7d7c-448f-b487-5d1935cf5b40,茎;枝;芽,卵/幼虫/蛹/成虫,裸眼可见,
e90bce95-4819-4f3c-9357-d665fe674582,全株,,,
b12386e8-400c-4dee-84e7-ff44155e1a1e,全株,,,
0bab8da4-ff62-48c0-b631-8e379cc9ac32,种子,,,
0bab8da4-ff62-48c0-b631-8e379cc9ac32,种苗;组培苗,,,
0bab8da4-ff62-48c0-b631-8e379cc9ac32,叶,,,
0bab8da4-ff62-48c0-b631-8e379cc9ac32,花,,,
0bab8da4-ff62-48c0-b631-8e379cc9ac32,根,,,
19f1ee6d-807b-4758-b482-50aa6fe59811,全株,,,
fec93d7e-97d6-4494-aebe-bfd162bcb484,种子,,,
fec93d7e-97d6-4494-aebe-bfd162bcb484,种苗;组培苗,,,
fec93d7e-97d6-4494-aebe-bfd162bcb484,叶,,,
fec93d7e-97d6-4494-aebe-bfd162bcb484,茎;枝;芽,,,
fec93d7e-97d6-4494-aebe-bfd162bcb484,花,,,
fec93d7e-97d6-4494-aebe-bfd162bcb484,果实（包括果柄）,,,
fec93d7e-97d6-4494-aebe-bfd162bcb484,根,,,
3ace4a19-3282-4eee-bc34-db0dce0384e1,种子,,,
3ace4a19-3282-4eee-bc34-db0dce0384e1,种苗;组培苗,,裸眼可见,
3ace4a19-3282-4eee-bc34-db0dce0384e1,叶,,裸眼可见,
3ace4a19-3282-4eee-bc34-db0dce0384e1,鳞球茎（包括鳞茎/块茎/块根）,,不可见,
3ace4a19-3282-4eee-bc34-db0dce0384e1,茎;枝;芽,,裸眼可见,
3ace4a19-3282-4eee-bc34-db0dce0384e1,花,,不可见,
3ace4a19-3282-4eee-bc34-db0dce0384e1,果实（包括果柄）,,不可见,
3ace4a19-3282-4eee-bc34-db0dce0384e1,根,,不可见,
6afc7b37-d42b-4d21-a554-29c2a2f68b94,种子,,,
6afc7b37-d42b-4d21-a554-29c2a2f68b94,种苗;组培苗,,,
6afc7b37-d42b-4d21-a554-29c2a2f68b94,叶,,,
6afc7b37-d42b-4d21-a554-29c2a2f68b94,花,,,
6afc7b37-d42b-4d21-a554-29c2a2f68b94,根,,,
aede330c-be26-4fa2-928f-0cdedf5b3138,全株,,,
626819ab-c9e6-4692-bac1-b4c32e489b32,种苗;组培苗,,裸眼可见,
626819ab-c9e6-4692-bac1-b4c32e489b32,叶,,裸眼可见,
626819ab-c9e6-4692-bac1-b4c32e489b32,茎;枝;芽,,不可见,
626819ab-c9e6-4692-bac1-b4c32e489b32,花,,裸眼可见,
626819ab-c9e6-4692-bac1-b4c32e489b32,根,,不可见,
d25e915a-b067-4062-9ae4-6bd05d5a0aee,全株,,,
a71cc83f-941f-4df5-b533-ba58309481ee,种子,,,
a71cc83f-941f-4df5-b533-ba58309481ee,种苗;组培苗,,,
a71cc83f-941f-4df5-b533-ba58309481ee,叶,,,
a71cc83f-941f-4df5-b533-ba58309481ee,花,,,
a71cc83f-941f-4df5-b533-ba58309481ee,根,,,
e61b9c6e-eed2-4fdf-a3d5-40213090e2b6,全株,,,
b2d7654b-ca92-42b1-9e4b-cf7373255515,种子,,,
b2d7654b-ca92-42b1-9e4b-cf7373255515,种苗;组培苗,,不可见,
b2d7654b-ca92-42b1-9e4b-cf7373255515,叶,,裸眼可见,
b2d7654b-ca92-42b1-9e4b-cf7373255515,茎;枝;芽,,裸眼可见,
b2d7654b-ca92-42b1-9e4b-cf7373255515,花,,,
b2d7654b-ca92-42b1-9e4b-cf7373255515,果实（包括果柄）,,不可见,
b2d7654b-ca92-42b1-9e4b-cf7373255515,根,,不可见,
3d12c2e1-346a-4622-83eb-5338d7190d28,种子,种子,,
3d12c2e1-346a-4622-83eb-5338d7190d28,叶,种子,,
3d12c2e1-346a-4622-83eb-5338d7190d28,茎;枝;芽,种子,,
b4281d30-1470-4559-a148-37d29c644619,种子,,,
b4281d30-1470-4559-a148-37d29c644619,种苗;组培苗,,,
b4281d30-1470-4559-a148-37d29c644619,叶,,,
b4281d30-1470-4559-a148-37d29c644619,茎;枝;芽,,,
b4281d30-1470-4559-a148-37d29c644619,花,,,
b4281d30-1470-4559-a148-37d29c644619,果实（包括果柄）,,,
b4281d30-1470-4559-a148-37d29c644619,根,,,
408d003b-44b3-4572-b77f-67396cc19995,种子,,,
408d003b-44b3-4572-b77f-67396cc19995,种苗;组培苗,,,
408d003b-44b3-4572-b77f-67396cc19995,叶,,,
408d003b-44b3-4572-b77f-67396cc19995,茎;枝;芽,,,
408d003b-44b3-4572-b77f-67396cc19995,花,,,
408d003b-44b3-4572-b77f-67396cc19995,果实（包括果柄）,,,
408d003b-44b3-4572-b77f-67396cc19995,根,,,
55bc63a1-83d4-4c43-bcf7-dbf3580a810c,种子,种子,,
55bc63a1-83d4-4c43-bcf7-dbf3580a810c,叶,种子,,
55bc63a1-83d4-4c43-bcf7-dbf3580a810c,茎;枝;芽,种子,,
55bc63a1-83d4-4c43-bcf7-dbf3580a810c,果实（包括果柄）,种子,,
e200b45f-a5cf-4fb0-b278-3f447cea4baf,叶,,,
17dacdf9-df00-42e5-b80e-66b25653f8f9,叶,,,
990b2f71-0bec-4db0-bc95-af356c291fee,种子,种子,,
16eb4a79-76b7-46b3-a7b9-603387f4a009,种子,孢子/菌丝,不可见,
16eb4a79-76b7-46b3-a7b9-603387f4a009,叶,孢子/菌丝,裸眼可见,
16eb4a79-76b7-46b3-a7b9-603387f4a009,茎;枝;芽,孢子/菌丝,裸眼可见,
16eb4a79-76b7-46b3-a7b9-603387f4a009,果实（包括果柄）,孢子/菌丝,裸眼可见,
084b6dd7-faff-4025-864b-d48911f79871,叶,,,
084b6dd7-faff-4025-864b-d48911f79871,全株,,,
084b6dd7-faff-4025-864b-d48911f79871,茎;枝;芽,,,
084b6dd7-faff-4025-864b-d48911f79871,根,,,
9fe3c12f-d7b0-4f2d-81f9-68cd88eaaa24,种子,孢子/菌丝,不可见,
9fe3c12f-d7b0-4f2d-81f9-68cd88eaaa24,种苗;组培苗,,,
9fe3c12f-d7b0-4f2d-81f9-68cd88eaaa24,叶,孢子/菌丝,裸眼可见,
9fe3c12f-d7b0-4f2d-81f9-68cd88eaaa24,生长介质,孢子,,
9fe3c12f-d7b0-4f2d-81f9-68cd88eaaa24,木材,孢子/菌丝,不可见,
9fe3c12f-d7b0-4f2d-81f9-68cd88eaaa24,茎;枝;芽,孢子/菌丝,裸眼可见,
9fe3c12f-d7b0-4f2d-81f9-68cd88eaaa24,花,孢子/菌丝,不可见,
9fe3c12f-d7b0-4f2d-81f9-68cd88eaaa24,果实（包括果柄）,孢子/菌丝,不可见,
9fe3c12f-d7b0-4f2d-81f9-68cd88eaaa24,根,孢子/菌丝,裸眼可见,
b503e98f-2542-4610-8344-84febaf8b264,全株,,,
b503e98f-2542-4610-8344-84febaf8b264,茎;枝;芽,,,
b503e98f-2542-4610-8344-84febaf8b264,根,,,
473cf297-8aad-4a7b-8c25-fece24576266,全株,,,
013ba058-12a3-46cd-9389-c2c0f46b7009,种子,孢子/菌核/菌丝,不可见,
013ba058-12a3-46cd-9389-c2c0f46b7009,种苗;组培苗,,,
013ba058-12a3-46cd-9389-c2c0f46b7009,叶,,裸眼可见,
013ba058-12a3-46cd-9389-c2c0f46b7009,芽,,,
013ba058-12a3-46cd-9389-c2c0f46b7009,树皮,,,
013ba058-12a3-46cd-9389-c2c0f46b7009,鳞球茎（包括鳞茎/块茎/块根）,菌丝,不可见,
013ba058-12a3-46cd-9389-c2c0f46b7009,茎;枝;芽,孢子/菌核/菌丝,不可见,
013ba058-12a3-46cd-9389-c2c0f46b7009,茎,,,
013ba058-12a3-46cd-9389-c2c0f46b7009,花,菌核/菌丝,不可见,
013ba058-12a3-46cd-9389-c2c0f46b7009,果实（包括果柄）,菌丝,不可见,
013ba058-12a3-46cd-9389-c2c0f46b7009,根,菌核/菌丝,不可见,
6d1198f9-911d-4200-b4d0-041ef42bd7f4,生长介质,幼虫/蛹,,
6d1198f9-911d-4200-b4d0-041ef42bd7f4,果实（包括果柄）,卵/幼虫,裸眼可见,
e3909832-c51f-4d33-a64e-1569ebe63757,全株,,,
a63f9d57-11d8-4e38-8a41-9b45716f334c,种子,种子,裸眼可见,
a63f9d57-11d8-4e38-8a41-9b45716f334c,叶,种子,裸眼可见,
a63f9d57-11d8-4e38-8a41-9b45716f334c,生长介质,种子,裸眼可见,
73ac5770-d279-4882-a4a9-647e31099d0a,叶,,,
73ac5770-d279-4882-a4a9-647e31099d0a,果实（包括果柄）,,,
b2b2452e-fafd-4115-8fa4-d906a59a5a99,全株,,,
bbf69530-d3d6-4265-91a8-574dae9ff2ed,叶,,,
bbf69530-d3d6-4265-91a8-574dae9ff2ed,茎,,,
bbf69530-d3d6-4265-91a8-574dae9ff2ed,花,,,
bbf69530-d3d6-4265-91a8-574dae9ff2ed,果实（包括果柄）,,,
146deb90-ba1f-4f31-a9b9-ca9c472a59e1,全株,,,
d7af2a2f-4e95-44d6-a210-e53ebb2ad512,全株,,,
b874764d-9db2-412b-868a-d413e55458ba,全株,,,
62263caa-77f6-46b2-abfa-f1b306eca622,全株,,,
38891850-6641-4b9a-a1a8-c34f490329c6,种苗;组培苗,,裸眼可见,
38891850-6641-4b9a-a1a8-c34f490329c6,叶,子实体,裸眼可见,
38891850-6641-4b9a-a1a8-c34f490329c6,茎;枝;芽,,裸眼可见,
641c9f7d-8c6d-43fc-bb49-71cbfed96418,叶,孢子/菌丝,裸眼可见,
641c9f7d-8c6d-43fc-bb49-71cbfed96418,茎;枝;芽,,,
641c9f7d-8c6d-43fc-bb49-71cbfed96418,果实（包括果柄）,,,
23591944-70e7-4f46-94e4-ddc1480bd180,种子,孢子/菌丝,裸眼可见,
23591944-70e7-4f46-94e4-ddc1480bd180,花,,,
23591944-70e7-4f46-94e4-ddc1480bd180,果实（包括果柄）,孢子/菌丝,裸眼可见,
de6be257-f2ec-42e7-a633-c5edb9f18214,叶,,,
de6be257-f2ec-42e7-a633-c5edb9f18214,全株,,,
de6be257-f2ec-42e7-a633-c5edb9f18214,茎;枝;芽,,,
7b9f4502-2c73-4e5a-8c60-907ccdd1e599,果实（包括果柄）,,,
4ae06c07-68b3-425f-9b79-f97d09b6ebe4,全株,,,
18434926-c79f-4cf1-a4c5-521f2722f063,全株,,,
11ef52c3-41d1-4485-b573-0fa51a61fe1d,种苗;组培苗,幼虫,裸眼可见,
11ef52c3-41d1-4485-b573-0fa51a61fe1d,叶,幼虫,裸眼可见,
11ef52c3-41d1-4485-b573-0fa51a61fe1d,茎;枝;芽,幼虫,裸眼可见,
11ef52c3-41d1-4485-b573-0fa51a61fe1d,花,幼虫,裸眼可见,
11ef52c3-41d1-4485-b573-0fa51a61fe1d,果实（包括果柄）,幼虫,裸眼可见,
d4cc954e-b08d-4935-a542-12d5c0e00107,茎;枝;芽,,,
5bb153cb-f67c-4d1f-b944-407f904a66c3,叶,子实体,裸眼可见,
5bb153cb-f67c-4d1f-b944-407f904a66c3,茎;枝;芽,子实体,裸眼可见,
5bb153cb-f67c-4d1f-b944-407f904a66c3,果实（包括果柄）,子实体,裸眼可见,
bfeaaafc-26c3-4cbf-a697-5b438bc53bb0,种苗;组培苗,孢子/菌丝,裸眼可见,
bfeaaafc-26c3-4cbf-a697-5b438bc53bb0,叶,,,
bfeaaafc-26c3-4cbf-a697-5b438bc53bb0,茎;枝;芽,孢子/菌丝,裸眼可见,
1f6b1dc0-569a-439c-8e41-973975837712,种子,,不可见,
1f6b1dc0-569a-439c-8e41-973975837712,种苗;组培苗,,裸眼可见,
1f6b1dc0-569a-439c-8e41-973975837712,生长介质,,不可见,
1f6b1dc0-569a-439c-8e41-973975837712,鳞球茎（包括鳞茎/块茎/块根）,,裸眼可见,
1f6b1dc0-569a-439c-8e41-973975837712,茎;枝;芽,,裸眼可见,
1f6b1dc0-569a-439c-8e41-973975837712,根,,裸眼可见,
2349da1b-c419-49a4-ae9d-cb03075b173f,全株,,,
a931661d-fa21-4c7a-a0c2-51d13be921d1,种苗;组培苗,,不可见,
a931661d-fa21-4c7a-a0c2-51d13be921d1,叶,,,
a931661d-fa21-4c7a-a0c2-51d13be921d1,茎;枝;芽,,不可见,
32c01de1-72bf-4202-8231-8c82066ae9ae,全株,,,
32c01de1-72bf-4202-8231-8c82066ae9ae,木材,,,
2a9976e6-a0fe-45d1-ae02-3b441b66dd8e,全株,,,
f671ea16-3f1c-4402-9f7a-180196844fdd,枝,,,
f8af2240-6a92-47c6-a53a-bad926ac8a38,树皮,成虫,裸眼可见,
f8af2240-6a92-47c6-a53a-bad926ac8a38,木材,卵/幼虫/若虫/蛹/成虫,裸眼可见,
f8af2240-6a92-47c6-a53a-bad926ac8a38,茎;枝;芽,卵/幼虫/若虫/蛹/成虫,裸眼可见,
3748fb01-ebe2-45c8-bce0-c4498bc20083,全株,,,
3fee12ae-487c-4fa1-b0df-691f49e7dbc2,全株,,,
d54b12cf-a64d-4586-bf3b-e06e12a7fc70,全株,,,
66a979a9-8477-49d9-a420-24141297ffe7,种子,"孢子/菌丝/子实体,菌丝,菌丝/子实体","不可见,光学显微镜可见",
66a979a9-8477-49d9-a420-24141297ffe7,种苗;组培苗,,,
66a979a9-8477-49d9-a420-24141297ffe7,叶,孢子/菌丝,不可见,
66a979a9-8477-49d9-a420-24141297ffe7,茎;枝;芽,菌丝/子实体,裸眼可见,
66a979a9-8477-49d9-a420-24141297ffe7,花,,,
66a979a9-8477-49d9-a420-24141297ffe7,果实（包括果柄）,"孢子/菌丝,菌丝","光学显微镜可见,裸眼可见",
66a979a9-8477-49d9-a420-24141297ffe7,根,菌丝/子实体,不可见,
63fd525a-58c9-4b9e-88e3-1a255721d7f6,种子,菌丝/子实体,光学显微镜可见,
63fd525a-58c9-4b9e-88e3-1a255721d7f6,叶,菌丝/子实体,光学显微镜可见,
63fd525a-58c9-4b9e-88e3-1a255721d7f6,茎;枝;芽,菌丝/子实体,光学显微镜可见,
63fd525a-58c9-4b9e-88e3-1a255721d7f6,花,菌丝/子实体,光学显微镜可见,
63fd525a-58c9-4b9e-88e3-1a255721d7f6,果实（包括果柄）,菌丝/子实体,光学显微镜可见,
bdeea1e0-2284-4a77-9734-8467d3a313aa,叶,,,
bdeea1e0-2284-4a77-9734-8467d3a313aa,全株,,,
