species_guid,record_guid,scientific_name,species_type,medium_guid,medium_scientific_name,description,medium_type,reference_id,reference_name,page,author,created_time,editor,update_time,temp_guid,temp_scientific_name,named_year
6d6c08b5-37a7-47de-acd6-9956241a5d62,975a7c7d-ec94-43a0-9a2e-1a25c1f63d93,Rhopalosiphum oxyacanthae,有害生物,CBF28659-FAD9-43D5-B066-5CFE43B2187C,Lily symptomless virus,,媒介,2917,Lily symptomless virus,,zhangjianjun,,批量更新,2025-02-10 11:31:51,7630FFEC-103B-4549-AF10-F40904AC2F73,Rhopalosiphum insertum,
6d6c08b5-37a7-47de-acd6-9956241a5d62,a693b6a7-5eb8-40f9-92a6-67e559eeefe5,Rhopalosiphum oxyacanthae,有害生物,8C6E794A-7969-4768-8A11-F03B0E5FF6AC,Potato virus Y,,媒介,2927,Potato virus Y,,zhangjianjun,,批量更新,2025-02-10 11:31:51,7630FFEC-103B-4549-AF10-F40904AC2F73,Rhopalosiphum insertum,
041c2f44-4738-4eed-a7e6-dfc3369188af,4508deb6-a186-4bd3-8bd7-50134ed8911c,Sorghum × drummondii,有害生物,86E0F9F1-5B61-4BF3-941E-28F3DB762D69,Heterodera zeae,,媒介,2041,Hirschmanniella oryzae,,suhan,,,,041C2F44-4738-4EED-A7E6-DFC3369188AF,Sorghum × drummondii,"Koshy, Swarup & Sethi"
ad04b3c6-9ebb-4d16-be17-ae1398b0216c,cd32de14-3314-4fc9-bf96-f3566c801f36,Badnavirus etainflatheobromae,有害生物,f72b303a-840d-46bd-8b98-4351691c0ea9,Planococcus citri,,媒介,16125698,Cacao swollen shoot virus (cacao swollen shoot),,cpqis.wangxiufen,2025-01-15 16:45:22,cpqis.wangxiufen,2025-01-15 16:45:22,,,"(Risso, 1813)"
ad04b3c6-9ebb-4d16-be17-ae1398b0216c,a98c3973-b005-44f5-9c2c-d36e32c7fce9,Badnavirus etainflatheobromae,有害生物,e6b7f3b7-13bb-48ec-9534-ce9545d3c8da,Pseudococcus longispinus,,媒介,16125698,Cacao swollen shoot virus (cacao swollen shoot),,cpqis.wangxiufen,2025-01-15 16:43:47,cpqis.wangxiufen,2025-01-15 16:43:47,,,"(Targioni Tozzetti, 1867)"
ad04b3c6-9ebb-4d16-be17-ae1398b0216c,18db1f47-f9cc-485b-a8a3-2f7cc256e3fd,Badnavirus etainflatheobromae,有害生物,c4c16d06-f35d-4063-a8a4-eb1392384cdd,Pseudococcus concavocerarii,,媒介,16125698,Cacao swollen shoot virus (cacao swollen shoot),,cpqis.wangxiufen,2025-01-15 16:43:28,cpqis.wangxiufen,2025-01-15 16:43:28,,,James.
ad04b3c6-9ebb-4d16-be17-ae1398b0216c,051e3d1c-d41d-465c-ac25-df7d0602b09a,Badnavirus etainflatheobromae,有害生物,efa49275-71df-4cc3-bcb8-2bfa8c38c0ff,Planococcus kenyae,,媒介,16125698,Cacao swollen shoot virus (cacao swollen shoot),,cpqis.wangxiufen,2025-01-15 16:43:06,cpqis.wangxiufen,2025-01-15 16:43:06,,,(Le Pelley)
ad04b3c6-9ebb-4d16-be17-ae1398b0216c,8944d282-547a-42cf-8060-74124846711b,Badnavirus etainflatheobromae,有害生物,b3732455-ed07-4a52-9873-97d6f84711c6,Planococcoides njalensis,,媒介,16125698,Cacao swollen shoot virus (cacao swollen shoot),,cpqis.wangxiufen,2025-01-15 16:41:10,cpqis.wangxiufen,2025-01-15 16:41:10,,,(Laing)
ad04b3c6-9ebb-4d16-be17-ae1398b0216c,8ec26be4-b932-4836-a9e2-2fdbb6e0d4d7,Badnavirus etainflatheobromae,有害生物,72653421-b51f-4ee8-bc5a-abd7bdfa3104,Phenacoccus hargreavesi,,媒介,16125698,Cacao swollen shoot virus (cacao swollen shoot),,cpqis.wangxiufen,2025-01-15 16:40:50,cpqis.wangxiufen,2025-01-15 16:40:50,,,"(Laing, 1925)"
ad04b3c6-9ebb-4d16-be17-ae1398b0216c,dfec123b-9d7c-43c2-9884-dcce69ae5215,Badnavirus etainflatheobromae,有害生物,78b7237c-a3e8-4f04-ac9a-7cdc7effb9e2,Paraputo anomalus,,媒介,16125698,Cacao swollen shoot virus (cacao swollen shoot),,cpqis.wangxiufen,2025-01-15 16:40:33,cpqis.wangxiufen,2025-01-15 16:40:33,,,
ad04b3c6-9ebb-4d16-be17-ae1398b0216c,35847614-c7de-4b99-83f9-ede10d24a3eb,Badnavirus etainflatheobromae,有害生物,d0744c01-aff8-4bdc-9ab6-c0f1de9c3883,Ferrisia virgata,,媒介,16125698,Cacao swollen shoot virus (cacao swollen shoot),,cpqis.wangxiufen,2025-01-15 16:40:10,cpqis.wangxiufen,2025-01-15 16:40:10,,,(Cockerell)
ad04b3c6-9ebb-4d16-be17-ae1398b0216c,5e8f7e7a-b42c-40d8-b926-e6f547210aa0,Badnavirus etainflatheobromae,有害生物,a55e2816-6690-4eb0-b4a3-57a1fae6441a,Delococcus tafoensis,,媒介,16125698,Cacao swollen shoot virus (cacao swollen shoot),,cpqis.wangxiufen,2025-01-15 16:39:24,cpqis.wangxiufen,2025-01-15 16:39:24,,,"(Strickland, 1947)"
02dd3141-35a9-4d8d-bd57-a158a139d6a0,67ecf1fe-45ce-49af-8072-ab6ff49e8255,Pseudopityophthorus pruinosus,有害生物,870A21AF-3E36-443C-937C-92406FB121DC,Ceratocystis fagacearum,"栎枯萎病的近距离传播有地下、地面两种方式, 地面的传播主要通过小蠹虫和露尾甲等病媒昆虫进行。在遭栎枯萎病为害的寄主树皮下大量地存在。成虫产卵后, 携带栎枯萎病病原孢子的虫体转移到健康树上; 卵孵化后, 幼虫发育为成虫, 携带病原孢子的成虫转移到健康树上; 在病树上越冬的小蠹虫第2年春天同样可携带病原孢子转移到健康树上。随着小蠹虫转移寄主的为害, 病原菌也随之不断地传播, 完成其对寄主的侵染。刚羽化的成虫携带病菌的百分率变化非常大。有些栎枯萎病上发育的小蠹虫带菌率高达30% , 一般为0.4%~ 2.5% 。",媒介,154883,传播栎枯萎病的两种鬃额小蠹,232,cpqis.wangnaiyang,2013-04-11 11:28:55,,,02DD3141-35A9-4D8D-BD57-A158A139D6A0,Pseudopityophthorus pruinosus,"(Bretz) Z.W. de Beer, Marinc., T.A. Duong & M.J. Wingf."
04495740-a00e-4851-b9fd-c8f0a6044208,391167af-6d55-40a0-a0ee-b59b04d6d5e8,Sida golden yellow vein virus,有害生物,7763CF11-9CE3-40D7-9F60-5386D6F544E2,Bemisia tabaci,烟粉虱，棉粉虱,媒介,161508,Scientific Opinion on the risks to plant health posed by Bemisia tabaci species complex and viruses it transmits for the EU territory,,cpqis.huajing,2016-12-03 15:06:08,,,04495740-A00E-4851-B9FD-C8F0A6044208,Sida golden yellow vein virus,"(Gennadius, 1889)"
11d3b050-fdd8-4aa2-80e2-f69a304c777c,b8c61285-7e6c-439c-bfcb-5176a4692145,Nepovirus nigranuli,有害生物,b64e077c-3f9e-4894-b282-8b99dc32d256,Longidorus elongatus,Known vector,媒介,17130885,Nepovirus nigranuli(TBRV00),,cpqis.wangxiufen,2024-12-25 20:47:11,cpqis.wangxiufen,2024-12-25 20:47:11,,,"(de Man, 1876) Thorne & Swanger, 1936"
11d3b050-fdd8-4aa2-80e2-f69a304c777c,bc20780f-d9f8-451a-b32b-5f4f009cfca0,Nepovirus nigranuli,有害生物,acc52e56-2231-42db-bbbc-732daa58a297,Longidorus attenuatus,Known vector,媒介,17130885,Nepovirus nigranuli(TBRV00),,cpqis.wangxiufen,2024-12-25 20:46:40,cpqis.wangxiufen,2024-12-25 20:46:40,,,"Hooper, 1961"
f365e2b4-542d-48d8-8351-8e7b00626ef1,3b3c105d-2728-4ed1-b79c-4738716be6f9,Comovirus siliquae,有害生物,4a6f8acd-f35d-4061-9702-14df5f03d7d5,Diabrotica undecimpunctata howardi,Known vector,媒介,12435031,Comovirus siliquae(BPMV00),,cpqis.wangxiufen,2024-12-23 13:05:43,cpqis.wangxiufen,2024-12-23 13:05:43,,,Barber
8a12186d-3907-40ef-b47b-2ee2cc879492,b8d858cc-fb96-47df-9c43-7899dfbf4a12,Bean leafroll virus,有害生物,48529D50-7C09-48E4-A5C5-0B461864A2EB,Macrosiphum euphorbiae,,媒介,161570,作物保护大全检索系统2016（Crop Protection Compendium 2016）,,cpqis.zhangweidong,2016-11-10 17:18:10,,,8A12186D-3907-40EF-B47B-2EE2CC879492,Bean leafroll virus,"(Thomas, 1878)"
8a12186d-3907-40ef-b47b-2ee2cc879492,0ebb5222-9b99-40b1-8439-2b1d911615f0,Bean leafroll virus,有害生物,12A984DD-4AF5-4012-B569-15A14C880CD7,Aphis fabae,,媒介,161570,作物保护大全检索系统2016（Crop Protection Compendium 2016）,,cpqis.zhangweidong,2016-11-10 17:16:29,,,8A12186D-3907-40EF-B47B-2EE2CC879492,Bean leafroll virus,Scopoli
8a12186d-3907-40ef-b47b-2ee2cc879492,67558dbd-e2cd-4a04-933a-6fb6c0218688,Bean leafroll virus,有害生物,001A0F7B-6CA2-4574-9570-BA14A3878379,Acyrthosiphon pisum pisum,,媒介,161570,作物保护大全检索系统2016（Crop Protection Compendium 2016）,,cpqis.zhangweidong,2016-11-10 17:16:16,,,8A12186D-3907-40EF-B47B-2EE2CC879492,Bean leafroll virus,"(Harris, M., 1776)"
8a12186d-3907-40ef-b47b-2ee2cc879492,97ec423c-6797-4c2a-b4c1-17bfefc6f27f,Bean leafroll virus,有害生物,59D44A44-0715-4D6C-B97E-7795340F2342,Acyrthosiphon kondoi,,媒介,161570,作物保护大全检索系统2016（Crop Protection Compendium 2016）,,cpqis.zhangweidong,2016-11-10 17:16:07,,,8A12186D-3907-40EF-B47B-2EE2CC879492,Bean leafroll virus,Shinji
8a12186d-3907-40ef-b47b-2ee2cc879492,096bdcc2-7119-4cd3-83f9-b4c3b88c97c3,Bean leafroll virus,有害生物,FF882401-AD5F-4009-A49F-F84E52EBB848,Acyrthosiphon gossypii,,媒介,161570,作物保护大全检索系统2016（Crop Protection Compendium 2016）,,cpqis.zhangweidong,2016-11-10 17:15:57,,,8A12186D-3907-40EF-B47B-2EE2CC879492,Bean leafroll virus,Mordvilko
28d16349-32c8-4907-a1d7-b2bb13756bb9,b093b41e-0659-4466-95f6-75705b2436eb,Tomato zonate spot virus,有害生物,46625BCE-E348-46B1-B9F3-04E1BAA68E03,Frankliniella occidentalis,,媒介,161570,作物保护大全检索系统2016（Crop Protection Compendium 2016）,,cpqis.zhangweidong,2016-11-10 15:35:58,i:0#.f|sql-membershipprovider|cpqis.zhangweidong,2016-11-10 15:36:18,28D16349-32C8-4907-A1D7-B2BB13756BB9,Tomato zonate spot virus,"(Pergande, 1895)"
cb45ef0a-3797-43aa-95ea-d9760dfb12c1,8c35564b-17f8-42b4-9616-cabc9c112924,Capsicum chlorosis virus,有害生物,1517234a-5ea9-46a6-b037-12149406cad1,Ceratothripoides claratris,"番茄角蓟马主是辣椒褪绿病毒
（Capsicum chlorosis virus，CaCV）的媒介昆虫。",媒介,169259,EPPO检疫性有害生物名录（2019版）的变化,22,王乃扬,2023-05-31 14:20:40,王乃扬,2023-05-31 14:20:40,,,(shumsher)
6407ccf4-4c8c-47ed-8df5-de4f8cdde3aa,2b0f7fb0-4111-484c-8f9e-70aeaa9da634,Nepovirus lycopersici,有害生物,80dba218-a893-4cc6-9c16-60d038bd5cf3,Xiphinema americanum sensu stricto,Known vector,媒介,9262312,Nepovirus lycopersici(TORSV0),,王秀芬,2024-05-15 13:57:50,王秀芬,2024-05-15 13:57:50,,,Cobb
6407ccf4-4c8c-47ed-8df5-de4f8cdde3aa,f1e8963f-2bcf-4686-80e3-724ce0231a1c,Nepovirus lycopersici,有害生物,80dba218-a893-4cc6-9c16-60d038bd5cf3,Xiphinema americanum sensu lato,Known vector,媒介,9262312,Nepovirus lycopersici(TORSV0),,王秀芬,2024-05-15 13:48:48,王秀芬,2024-05-15 13:48:48,,,Cobb
6407ccf4-4c8c-47ed-8df5-de4f8cdde3aa,006f329b-73ea-43d2-9ce6-1914ec23f69b,Nepovirus lycopersici,有害生物,39663a00-936e-4ed0-9551-8c36875bea56,Xiphinema rivesi,Known vector,媒介,9262312,Nepovirus lycopersici(TORSV0),,王秀芬,2024-05-15 13:42:45,王秀芬,2024-05-15 13:42:45,,,"Dalmasso, 1969"
6407ccf4-4c8c-47ed-8df5-de4f8cdde3aa,2c0cf12f-a4c6-471d-b14c-e9fbca94baa7,Nepovirus lycopersici,有害生物,bc041fb3-e12c-4179-9f3b-19e59d54c59f,Xiphinema californicum,Known vector,媒介,9262312,Nepovirus lycopersici(TORSV0),,王秀芬,2024-05-15 13:42:14,王秀芬,2024-05-15 13:42:14,,,"Lamberti et Blove-Zacheo, 1979"
6407ccf4-4c8c-47ed-8df5-de4f8cdde3aa,a8501087-0e70-42b9-9497-d78f3316f901,Nepovirus lycopersici,有害生物,4aed1565-ba74-4262-89a4-daf94e97e036,Xiphinema bricolense,Known vector,媒介,9262312,Nepovirus lycopersici(TORSV0),,王秀芬,2024-05-15 13:41:32,王秀芬,2024-05-15 13:42:51,,,"Ebsary, Vrain & Graham"
6407ccf4-4c8c-47ed-8df5-de4f8cdde3aa,98acf168-63ac-484f-aa42-37c1c56fe3a9,Nepovirus lycopersici,有害生物,39663a00-936e-4ed0-9551-8c36875bea56,Xiphinema rivesi,"In addition to X. americanum, X. rivesi is regarded as an important vector of the virus in eastern USA (Forer and Stouffer, 1982; Rosenberger et al., 1983; Mountain et al., 1983) and X. californicum in western USA (Hoy et al., 1984).",媒介,16272918,Tomato ringspot virus (ringspot of tomato),,王秀芬,2024-05-14 20:51:59,王秀芬,2024-05-15 09:02:08,,,"Dalmasso, 1969"
6407ccf4-4c8c-47ed-8df5-de4f8cdde3aa,d4949781-2352-4c9e-a4b7-bca2977216b5,Nepovirus lycopersici,有害生物,fc25e422-e665-4b35-b39b-fc4a8fea0014,Xiphinema americanum,"Most vector studies have been carried out with nematode populations identified as Xiphinema americanum. However, X. americanum sensu lato is now considered to be a complex of many species (Lamberti and Bleve-Zacheo, l979) and clarification of the vector potential of the component species is required.",媒介,16272918,Tomato ringspot virus (ringspot of tomato),,王秀芬,2024-05-14 20:51:36,王秀芬,2024-05-15 09:01:16,,,"(Cobb, 1913) Micoletzky, 1922"
5ca82a12-0dca-4f2a-8aab-50e1ab244ad1,527f1e13-ff90-494d-97e9-a679feefa4f4,Nepovirus arabis,有害生物,36cb233b-d17c-4b7b-8aa4-8c42b1f1e667,Xiphinema diversicaudatum,,媒介,11060238,Nepovirus arabis(ARMV00),,王秀芬,2024-05-06 12:46:49,王秀芬,2024-05-06 12:46:49,,,"(Micoletzky, 1927) Thorne, 1939"
5ca82a12-0dca-4f2a-8aab-50e1ab244ad1,be9c6cef-cb1c-4050-81ac-b8a471e2da33,Nepovirus arabis,有害生物,36cb233b-d17c-4b7b-8aa4-8c42b1f1e667,Xiphinema diversicaudatum,"Vector transmission。All tested isolates, including the serological variants from hop (Humulus lupulus) and barley, are transmitted by the free-living soil-inhabiting nematode, Xiphinema diversicaudatum (Harrison and Cadman, 1959; Jha and Posnette, 1959; Valdez et al., 1974; DJF Brown and AT Jones, unpublished data, Scottish Crop Research Institute, Invergowrie, UK).",媒介,20242562,Arabis mosaic virus (hop bare-bine),,王秀芬,2024-05-06 09:56:34,王秀芬,2024-05-06 09:56:34,,,"(Micoletzky, 1927) Thorne, 1939"
b4c8ae5f-9894-419a-87d2-ed38c43aca22,360a1dd3-c6f0-48b9-88e3-ec27e13b650c,Homalodisca vitripennis,有害生物,4D554AA5-D436-4D1F-9E42-8861ABBB743F,Xylella fastidiosa,在美国加州葡萄园，是葡萄皮尔氏病重要的传播媒介。,媒介,158157,First report of Xylella fastidiosa in the EPPO region,,cpqis.wangnaiyang,2014-03-19 13:02:12,,,B4C8AE5F-9894-419A-87D2-ED38C43ACA22,Homalodisca vitripennis,"Wells et al., 1987"
9a2ed58a-f91c-41cb-84bc-9c3426274501,a55645c4-dd55-49ad-866f-121603c0bbcc,Haplaxius crudus,有害生物,9a2ed58a-f91c-41cb-84bc-9c3426274501,Haplaxius crudus,"Haplaxius crudus is a competent vector of Candidatus Phytoplasma palmae, the causal agent of coconut lethal yellowing, a disease also regulated in Annex IIA of the same regulation.",媒介,16573633,CABI Digital Library（2024）,,王乃扬,2024-11-11 15:14:48,王乃扬,2024-11-11 15:14:48,,,"(Van Duzee, 1907)"
beede2cc-e388-4b4a-96d6-b1fdf6ceaaa6,f969e609-283b-43ea-bf76-ab5ead5c63bb,Arrhenodes minutus,有害生物,beede2cc-e388-4b4a-96d6-b1fdf6ceaaa6,Arrhenodes minutus,是栎枯萎病的传播媒介（The pest is also a vector of the quarantine pest Breziella (Ceratocystis) fagacearum）。,媒介,16573633,CABI Digital Library（2024）,,王乃扬,2024-10-10 18:54:43,王乃扬,2024-10-10 18:54:43,,,(Drury)
effcc2af-7148-4dde-939e-754d6daf7903,340291a0-eb94-42a1-b941-fbbb1b1fa94c,Sweet potato leaf curl virus,有害生物,7763CF11-9CE3-40D7-9F60-5386D6F544E2,Bemisia tabaci,,媒介,162373,Natural association of two different betasatellites with Sweet potato leaf curl virus in wild morning glory (Ipomoea purpurea) in India,,cpqis.gaoyuan,2016-12-03 10:07:54,,,EFFCC2AF-7148-4DDE-939E-754D6DAF7903,Sweet potato leaf curl virus,"(Gennadius, 1889)"
1318d5ff-4760-4ab0-a13c-9c9d9a090665,1b5373de-ecb1-4ac6-a62c-b27913cf261d,Squash leaf curl Philippines virus,有害生物,7763CF11-9CE3-40D7-9F60-5386D6F544E2,Bemisia tabaci,烟粉虱，棉粉虱,媒介,161508,Scientific Opinion on the risks to plant health posed by Bemisia tabaci species complex and viruses it transmits for the EU territory,,cpqis.huajing,2016-12-03 15:23:24,,,1318D5FF-4760-4AB0-A13C-9C9D9A090665,Squash leaf curl Philippines virus,"(Gennadius, 1889)"
f864d8f1-21e4-432a-b01e-d593f657791a,ea41e21b-74e1-44b7-87aa-8cb991b04f2a,Comovirus severum,有害生物,4a6f8acd-f35d-4061-9702-14df5f03d7d5,Diabrotica undecimpunctata howardi,Known vector,媒介,13351540,Comovirus severum(CPSMV0),,cpqis.wangxiufen,2024-12-23 13:36:48,cpqis.wangxiufen,2024-12-23 13:36:48,,,Barber
f864d8f1-21e4-432a-b01e-d593f657791a,d57ceac7-2e1b-4529-854a-5c818a3e40e3,Comovirus severum,有害生物,a15481c5-3b90-4abf-9ced-a94858838ecd,Diabrotica speciosa,Potential vector,媒介,13351540,Comovirus severum(CPSMV0),,cpqis.wangxiufen,2024-12-23 13:36:09,cpqis.wangxiufen,2024-12-23 13:36:09,,,"Germar, 1824"
651796aa-e474-480a-80ed-05c94cd23fe4,38e56ad9-5d24-4262-b11f-469d3e9c3406,Cucumovirus PSV,有害生物,197e5ba4-6f96-4d50-9ac7-8f5ef333c9b4,Aphis spiraecola,"PSV is transmitted in nature by insect vectors belonging to the Aphididae, such as Aphis craccivora, A. spiraecola and Myzus persicae, but not by A. gossypii. It is transmitted in the non-persistent manner (Herbert, 1967; Tolin et al., 1970).",媒介,17002159,Peanut stunt virus (peanut stunt),,cpqis.wangxiufen,2024-12-19 10:04:30,cpqis.wangxiufen,2024-12-19 10:04:30,,,"Patch, 1914"
651796aa-e474-480a-80ed-05c94cd23fe4,84468f40-4a36-4dac-8e80-5444bf9a8d19,Cucumovirus PSV,有害生物,6e486811-1d27-4463-a628-4f52d3098abb,Aphis craccivora,"PSV is transmitted in nature by insect vectors belonging to the Aphididae, such as Aphis craccivora, A. spiraecola and Myzus persicae, but not by A. gossypii. It is transmitted in the non-persistent manner (Herbert, 1967; Tolin et al., 1970).",媒介,17002159,Peanut stunt virus (peanut stunt),,cpqis.wangxiufen,2024-12-19 10:03:17,cpqis.wangxiufen,2024-12-19 10:03:17,,,Koch
651796aa-e474-480a-80ed-05c94cd23fe4,db021b6a-8eab-45ad-acda-11c2d45deaae,Peanut stunt virus,有害生物,1d8bfb3d-4799-4afe-b54b-6f59a4e691f5,Bradysia impatiens,,媒介,10030240,花生矮化病毒研究进展,33,徐淼锋,2023-06-12 10:08:52,徐淼锋,2023-06-12 10:28:23,,,"(Johannsen, 1912)"
651796aa-e474-480a-80ed-05c94cd23fe4,52193c05-81f4-4201-96e7-4ec4cbb3de5c,Peanut stunt virus,有害生物,691aeab6-ad56-46b9-80a7-392930e619f0,Myzus persicae,"传播介体获毒时间不到 1 min，传毒
时 间 不 到 1 min， 无 潜 伏 期 ， 不 能 传 给 子 代",媒介,10030240,花生矮化病毒研究进展,33,徐淼锋,2023-06-12 10:07:53,徐淼锋,2023-06-12 10:28:28,,,"(Sulzer, 1776)"
651796aa-e474-480a-80ed-05c94cd23fe4,a92524d4-01ca-4f96-a734-66aa053b5a22,Peanut stunt virus,有害生物,197e5ba4-6f96-4d50-9ac7-8f5ef333c9b4,Aphis spiraecola,"传播介体获毒时间不到 1 min，传毒
时 间 不 到 1 min， 无 潜 伏 期 ， 不 能 传 给 子 代",媒介,10030240,花生矮化病毒研究进展,33,徐淼锋,2023-06-12 10:07:14,徐淼锋,2023-06-12 10:28:32,,,"Patch, 1914"
651796aa-e474-480a-80ed-05c94cd23fe4,bbce958b-9569-4506-b102-79427690e225,Peanut stunt virus,有害生物,6e486811-1d27-4463-a628-4f52d3098abb,Aphis craccivora,"传播介体获毒时间不到 1 min，传毒
时 间 不 到 1 min， 无 潜 伏 期 ， 不 能 传 给 子 代",媒介,10030240,花生矮化病毒研究进展,33,徐淼锋,2023-06-12 10:06:44,徐淼锋,2023-06-12 10:28:35,,,Koch
6af1f7cf-abb4-4b31-9f43-17f065abcdf3,21be4154-21da-40c7-8d80-4aee3dc1e481,Potyvirus plumpoxi,有害生物,6e486811-1d27-4463-a628-4f52d3098abb,Aphis craccivora,,媒介,16574330,Plum pox virus (sharka),,cpqis.wangxiufen,2024-12-24 19:57:49,cpqis.wangxiufen,2024-12-24 19:57:49,,,Koch
6af1f7cf-abb4-4b31-9f43-17f065abcdf3,078513d2-4fae-4d12-8ad0-b0cebebed335,Potyvirus plumpoxi,有害生物,12a984dd-4af5-4012-b569-15a14c880cd7,Aphis fabae,,媒介,16574330,Plum pox virus (sharka),,cpqis.wangxiufen,2024-12-24 19:57:31,cpqis.wangxiufen,2024-12-24 19:57:31,,,Scopoli
6af1f7cf-abb4-4b31-9f43-17f065abcdf3,09bc19a3-57ad-4795-ac25-976422d7c74c,Potyvirus plumpoxi,有害生物,ae084d2a-45af-4ff8-b756-b021d61a9ea4,Aphis gossypii,,媒介,16574330,Plum pox virus (sharka),,cpqis.wangxiufen,2024-12-24 19:57:10,cpqis.wangxiufen,2024-12-24 19:57:10,,,Glover
6af1f7cf-abb4-4b31-9f43-17f065abcdf3,4ff35dca-f03f-417d-92d3-1d89b19b544d,Potyvirus plumpoxi,有害生物,e82bbee0-83ab-4ff7-ad7e-df2a42ae6750,Aphis hederae,,媒介,16574330,Plum pox virus (sharka),,cpqis.wangxiufen,2024-12-24 19:56:49,cpqis.wangxiufen,2024-12-24 19:56:49,,,Kaltenbach
6af1f7cf-abb4-4b31-9f43-17f065abcdf3,7a604197-0068-4666-807c-201197f766ac,Potyvirus plumpoxi,有害生物,197e5ba4-6f96-4d50-9ac7-8f5ef333c9b4,Aphis spiraecola,,媒介,16574330,Plum pox virus (sharka),,cpqis.wangxiufen,2024-12-24 19:56:34,cpqis.wangxiufen,2024-12-24 19:56:34,,,"Patch, 1914"
6af1f7cf-abb4-4b31-9f43-17f065abcdf3,60b13bc3-485c-4f8d-b44a-1e4541b377f0,Potyvirus plumpoxi,有害生物,b35afd8c-b07c-4021-a00a-b2fe8bee5a83,Brachycaudus cardui,,媒介,16574330,Plum pox virus (sharka),,cpqis.wangxiufen,2024-12-24 19:56:14,cpqis.wangxiufen,2024-12-24 19:56:14,,,(Linnaeus)
6af1f7cf-abb4-4b31-9f43-17f065abcdf3,97cc948c-b6d4-4151-9020-fb4a40022ab0,Potyvirus plumpoxi,有害生物,019382ef-16fa-461c-bfef-6c3a507e0871,Brachycaudus helichrysi,,媒介,16574330,Plum pox virus (sharka),,cpqis.wangxiufen,2024-12-24 19:55:49,cpqis.wangxiufen,2024-12-24 19:55:49,,,"(Kaltenbach, 1843)"
6af1f7cf-abb4-4b31-9f43-17f065abcdf3,64e00ad5-1f66-458a-84cf-75d339551544,Potyvirus plumpoxi,有害生物,6add1e75-dfd9-4767-89e7-f5b162adf5c0,Brachycaudus persicae,,媒介,16574330,Plum pox virus (sharka),,cpqis.wangxiufen,2024-12-24 19:55:30,cpqis.wangxiufen,2024-12-24 19:55:30,,,(Passerini)
6af1f7cf-abb4-4b31-9f43-17f065abcdf3,90c15756-eebc-4133-83d6-4050fb9a1822,Potyvirus plumpoxi,有害生物,46b71d58-b7e2-499c-a754-606537f2b855,Hyalopterus pruni,,媒介,16574330,Plum pox virus (sharka),,cpqis.wangxiufen,2024-12-24 19:55:09,cpqis.wangxiufen,2024-12-24 19:55:09,,,(Geoffroy)
6af1f7cf-abb4-4b31-9f43-17f065abcdf3,8da46541-e47e-4c2a-b712-f8f936b9688a,Potyvirus plumpoxi,有害生物,7dd638d7-e58a-49cd-9266-2cc66f05e228,Metopolophium dirhodum,,媒介,16574330,Plum pox virus (sharka),,cpqis.wangxiufen,2024-12-24 19:54:46,cpqis.wangxiufen,2024-12-24 19:54:46,,,(Walker)
6af1f7cf-abb4-4b31-9f43-17f065abcdf3,dce49ef6-7451-4dbd-b776-5c6873b23c34,Potyvirus plumpoxi,有害生物,691aeab6-ad56-46b9-80a7-392930e619f0,Myzus persicae,,媒介,16574330,Plum pox virus (sharka),,cpqis.wangxiufen,2024-12-24 19:54:26,cpqis.wangxiufen,2024-12-24 19:54:26,,,"(Sulzer, 1776)"
6af1f7cf-abb4-4b31-9f43-17f065abcdf3,016d0481-055c-4659-8162-033f160555b6,Potyvirus plumpoxi,有害生物,cc6de773-c8f6-420f-966a-cbe587ecbab6,Myzus varians,,媒介,16574330,Plum pox virus (sharka),,cpqis.wangxiufen,2024-12-24 19:54:04,cpqis.wangxiufen,2024-12-24 19:54:04,,,Davidson
6af1f7cf-abb4-4b31-9f43-17f065abcdf3,f12ed0fa-3f2f-4382-9bac-804ac065ab9f,Potyvirus plumpoxi,有害生物,99692bb5-b12e-4b67-a649-92e8f2b40c30,Rhopalosiphum padi,,媒介,16574330,Plum pox virus (sharka),,cpqis.wangxiufen,2024-12-24 19:53:41,cpqis.wangxiufen,2024-12-24 19:53:41,,,(Linnaeus)
6af1f7cf-abb4-4b31-9f43-17f065abcdf3,c137a7ea-a2eb-4d3b-8009-8042d38d5dce,Potyvirus plumpoxi,有害生物,6a77052a-db4c-4714-8f20-05303510ad5c,Phorodon humuli,,媒介,16574330,Plum pox virus (sharka),,cpqis.wangxiufen,2024-12-24 19:53:10,cpqis.wangxiufen,2024-12-24 19:53:10,,,(Schrank)
6af1f7cf-abb4-4b31-9f43-17f065abcdf3,06af95f2-46cc-4853-80d3-e697ebe24432,Potyvirus plumpoxi,有害生物,d658d31a-df57-4b01-913d-fcfd482773c3,Sitobion fragariae,Known vector,媒介,5055255,Plum pox virus(PPV000),,cpqis.wangxiufen,2024-12-24 14:05:39,cpqis.wangxiufen,2024-12-24 14:05:51,,,(Walker)
6af1f7cf-abb4-4b31-9f43-17f065abcdf3,41238852-8426-48ee-837d-6d68f66a1715,Potyvirus plumpoxi,有害生物,99692bb5-b12e-4b67-a649-92e8f2b40c30,Rhopalosiphum padi,Known vector,媒介,5055255,Plum pox virus(PPV000),,cpqis.wangxiufen,2024-12-24 14:05:24,cpqis.wangxiufen,2024-12-24 14:05:55,,,(Linnaeus)
6af1f7cf-abb4-4b31-9f43-17f065abcdf3,d309c499-242c-4aeb-aacf-d61cd221643f,Potyvirus plumpoxi,有害生物,6a77052a-db4c-4714-8f20-05303510ad5c,Phorodon humuli,Known vector,媒介,5055255,Plum pox virus(PPV000),,cpqis.wangxiufen,2024-12-24 14:05:08,cpqis.wangxiufen,2024-12-24 14:06:00,,,(Schrank)
6af1f7cf-abb4-4b31-9f43-17f065abcdf3,91c2ba02-00d0-4816-a693-d2bc46dcd164,Potyvirus plumpoxi,有害生物,cc6de773-c8f6-420f-966a-cbe587ecbab6,Myzus varians,Known vector,媒介,5055255,Plum pox virus(PPV000),,cpqis.wangxiufen,2024-12-24 14:04:51,cpqis.wangxiufen,2024-12-24 14:06:04,,,Davidson
f2e26dd7-229b-44bd-b48c-926f20f01b2e,2cb11fb8-6c1b-4f50-80eb-19ee30daf8e1,Pomovirus solani,有害生物,a65a9a91-b32e-4675-8b0b-d4f78e3222b7,Spongospora subterranea f.sp. subterranea,"Potato mop-top virus is spread by the plasmodiophoromycete fungus Spongospora subterranea (Jones and Harrison, 1969; Arif et al., 1995) and survives for long periods in resting spores (Jones and Harrison, 1972). Factors affecting the germination of resting spores of S. subterranea are unclear but once germinated the resulting zoospores remain motile for 48 hours at 15°C, and although they can probably only swim a few centimetres they are probably carried much further by the movement of water through soil (Harrison et al., 1997). Vector transmission of the virus therefore probably occurs only over short distances within a field.",媒介,10272423,Potato mop-top virus (potato mop-top),,cpqis.wangxiufen,2024-12-31 11:29:30,cpqis.wangxiufen,2024-12-31 11:30:12,,,J.A. Toml. 1892
3fce5eb0-7c5f-45fb-b737-32ddb831110b,8e93a31a-6e32-40b2-8a23-855c331a1961,Potato virus A,有害生物,58da7dc0-4b35-4e02-b2e9-e1d809a288a1,Aulacorthum solani,非持久性传播,媒介,10211160,Potato virus A (potato mild mosaic),,王秀芬,2024-04-27 10:40:50,王秀芬,2024-04-27 10:41:14,,,(Kaltenbach)
3fee8d61-c514-42a5-9f95-8a9dce614b0b,5191f02a-c8c9-41a6-a732-4c7551b7d4e3,Alphanucleorhabdovirus tuberosum,有害生物,016ae93d-8361-4937-9d53-9de9ed467bfa,Agallia constricta,Known vector,媒介,10342785,Alphanucleorhabdovirus tuberosum(PYDV00),,cpqis.wangxiufen,2025-01-04 11:03:50,cpqis.wangxiufen,2025-01-04 11:03:50,,,Van Duzee
3fee8d61-c514-42a5-9f95-8a9dce614b0b,1440bcd1-0fa3-471b-9750-3ef5151250f2,Alphanucleorhabdovirus tuberosum,有害生物,9775e2b2-52bb-4738-b4e6-267ee484024b,Aceratagallia sanguinolenta,Known vector,媒介,10342785,Alphanucleorhabdovirus tuberosum(PYDV00),,cpqis.wangxiufen,2025-01-04 11:03:31,cpqis.wangxiufen,2025-01-04 11:03:31,,,(Provancher)
6a8ea2cc-4309-448c-b48b-f9f10b3edbc7,0b071c94-276d-4b5d-b225-55ef52a2f960,Sobemovirus SBMV,有害生物,20ecce5f-caf9-498b-9b3d-b11029e63839,Ootheca mutabilis,"SBMV is vectored by leaf beetles (Chrysomelidae) which most probably transmit the virus in a semi-persistent manner (Walters, 1969; Fulton et al., 1975). The main vectors are Ceratoma trifurcata and Epilachna varivestis in North America (Walters 1969; Fulton et al., 1975) and Ootheca mutabilis in West Africa (Allen et al., 1981). Madurasia obscurella has been reported as a vector in India (Reddy and Varma, 1986).",媒介,15191353,Southern bean mosaic virus,,cpqis.wangxiufen,2025-01-02 15:57:27,cpqis.wangxiufen,2025-01-02 15:57:41,,,(Sahlberg)
6a8ea2cc-4309-448c-b48b-f9f10b3edbc7,9395389b-d427-4b3b-8bb6-1608ba56383c,Sobemovirus SBMV,有害生物,6890dd9a-ad93-40a4-880e-46e3bcad4358,Madurasia obscurella,"SBMV is vectored by leaf beetles (Chrysomelidae) which most probably transmit the virus in a semi-persistent manner (Walters, 1969; Fulton et al., 1975). The main vectors are Ceratoma trifurcata and Epilachna varivestis in North America (Walters 1969; Fulton et al., 1975) and Ootheca mutabilis in West Africa (Allen et al., 1981). Madurasia obscurella has been reported as a vector in India (Reddy and Varma, 1986).",媒介,15191353,Southern bean mosaic virus,,cpqis.wangxiufen,2025-01-02 15:57:05,cpqis.wangxiufen,2025-01-02 15:57:46,,,Jacoby
6a8ea2cc-4309-448c-b48b-f9f10b3edbc7,30b17c43-74b4-4327-a637-2ebde1e9212f,Sobemovirus SBMV,有害生物,f9f7fed1-d765-4fd2-a755-6045c0cdb8e4,Epilachna varivestis,"SBMV is vectored by leaf beetles (Chrysomelidae) which most probably transmit the virus in a semi-persistent manner (Walters, 1969; Fulton et al., 1975). The main vectors are Ceratoma trifurcata and Epilachna varivestis in North America (Walters 1969; Fulton et al., 1975) and Ootheca mutabilis in West Africa (Allen et al., 1981). Madurasia obscurella has been reported as a vector in India (Reddy and Varma, 1986).",媒介,15191353,Southern bean mosaic virus,,cpqis.wangxiufen,2025-01-02 15:56:49,cpqis.wangxiufen,2025-01-02 15:57:50,,,Mulsant
6a8ea2cc-4309-448c-b48b-f9f10b3edbc7,0d850cbc-731c-4940-b523-bc2d211186fd,Sobemovirus SBMV,有害生物,1278865a-e66e-4b38-85be-7687efc38b80,Diabrotica undecimpunctata,"SBMV is vectored by leaf beetles (Chrysomelidae) which most probably transmit the virus in a semi-persistent manner (Walters, 1969; Fulton et al., 1975). The main vectors are Ceratoma trifurcata and Epilachna varivestis in North America (Walters 1969; Fulton et al., 1975) and Ootheca mutabilis in West Africa (Allen et al., 1981). Madurasia obscurella has been reported as a vector in India (Reddy and Varma, 1986).",媒介,15191353,Southern bean mosaic virus,,cpqis.wangxiufen,2025-01-02 15:56:23,cpqis.wangxiufen,2025-01-02 15:56:23,,,"Mannerheim, 1843"
6a8ea2cc-4309-448c-b48b-f9f10b3edbc7,10de984d-4b9a-440e-909f-bff9e33a7d6b,Sobemovirus SBMV,有害生物,2b886a45-7477-458a-b5d8-dc43cde93b75,Cerotoma trifurcata,"SBMV is vectored by leaf beetles (Chrysomelidae) which most probably transmit the virus in a semi-persistent manner (Walters, 1969; Fulton et al., 1975). The main vectors are Ceratoma trifurcata and Epilachna varivestis in North America (Walters 1969; Fulton et al., 1975) and Ootheca mutabilis in West Africa (Allen et al., 1981). Madurasia obscurella has been reported as a vector in India (Reddy and Varma, 1986).",媒介,15191353,Southern bean mosaic virus,,cpqis.wangxiufen,2025-01-02 15:55:26,cpqis.wangxiufen,2025-01-02 15:57:56,,,(Forster)
86bb1dd2-b92e-4d94-8d4f-33b8777d915d,baed0762-1e1c-422b-ba98-911e528de95f,Tobamovirus fructirugosum,有害生物,e5d97fd6-4c54-4aaa-a9ce-c6cf495cd6fe,Bombus terrestris,"Levitzky et al. (2019) showed that ToBRFV could be carried by bumblebees (Bombus terrestris) and mechanically transmitted to healthy tomato plants during pollination and consequently could contribute to disease spread in tomato in glasshouses. Bumblebees are commonly used in pollinating tomatoes and could be an important mode of spread. On the other hand, transmission of ToBRFV by specific vectors has not been reported.",媒介,17243245,Tomato brown rugose fruit virus (Tomato brown rugose fruit virus),,cpqis.wangxiufen,2024-12-19 15:35:04,cpqis.wangxiufen,2024-12-19 15:35:48,,,"(Linnaeus, 1758)"
095339f3-38da-4a16-a50c-6aa6c080e606,2e6b89b5-5552-48ca-95ff-fcada98c9c1d,Orthotospovirus tomatomaculae,有害生物,2fef5593-5110-43ae-986b-6591487f7c3e,Thrips tabaci,TSWV is transmitted by thrips in a persistent manner.,媒介,11280951,Orthotospovirus tomatomaculae(TSWV00),,王秀芬,2024-04-30 09:17:26,王秀芬,2024-04-30 09:17:46,,,Lindeman
095339f3-38da-4a16-a50c-6aa6c080e606,78276584-e9dd-4079-b0b8-addd4b95b197,Orthotospovirus tomatomaculae,有害生物,67039edb-c680-4780-9d50-d6fb2981385d,Thrips setosus,TSWV is transmitted by thrips in a persistent manner.,媒介,11280951,Orthotospovirus tomatomaculae(TSWV00),,王秀芬,2024-04-30 09:17:06,王秀芬,2024-04-30 09:17:56,,,Moulton
095339f3-38da-4a16-a50c-6aa6c080e606,cdb537b7-dd28-4042-875c-d66c9481fd79,Orthotospovirus tomatomaculae,有害生物,fcea5d91-ccdb-4eb1-ab28-5abfec3912a9,Scirtothrips dorsalis,潜在传播介体Potential vector,媒介,11280951,Orthotospovirus tomatomaculae(TSWV00),,王秀芬,2024-04-30 09:16:45,王秀芬,2024-04-30 09:16:45,,,Hood
095339f3-38da-4a16-a50c-6aa6c080e606,0fa48b3b-0e0f-47d7-9f04-361bc6988c8a,Orthotospovirus tomatomaculae,有害生物,b5e169c9-c225-41db-bc57-04437c1c7c80,Frankliniella schultzei,TSWV is transmitted by thrips in a persistent manner.,媒介,11280951,Orthotospovirus tomatomaculae(TSWV00),,王秀芬,2024-04-30 09:15:54,王秀芬,2024-04-30 09:18:06,,,"(Trybom, 1910)"
095339f3-38da-4a16-a50c-6aa6c080e606,4a7851da-9fa5-46b5-81d6-7e6b36572281,Orthotospovirus tomatomaculae,有害生物,46625bce-e348-46b1-b9f3-04e1baa68e03,Frankliniella occidentalis,TSWV is transmitted by thrips in a persistent manner.,媒介,11280951,Orthotospovirus tomatomaculae(TSWV00),,王秀芬,2024-04-30 09:15:37,王秀芬,2024-04-30 09:18:20,,,"(Pergande, 1895)"
095339f3-38da-4a16-a50c-6aa6c080e606,f6a27e7d-fbfc-4ff0-b8f1-e21c3ee33545,Orthotospovirus tomatomaculae,有害生物,dceebb30-415f-4598-b385-765c2de63a36,Frankliniella intonsa,TSWV is transmitted by thrips in a persistent manner.,媒介,11280951,Orthotospovirus tomatomaculae(TSWV00),,王秀芬,2024-04-30 09:15:19,王秀芬,2024-04-30 09:18:28,,,(Trybom)
095339f3-38da-4a16-a50c-6aa6c080e606,bb2a8061-b13b-4136-a676-7705a1dfefdb,Orthotospovirus tomatomaculae,有害生物,9474c362-bc96-4586-9214-d6b7b5c4f29f,Frankliniella gemina,TSWV is transmitted by thrips in a persistent manner.,媒介,11280951,Orthotospovirus tomatomaculae(TSWV00),,王秀芬,2024-04-30 09:14:57,王秀芬,2024-04-30 09:18:36,,,"(Bagnall, 1919)"
095339f3-38da-4a16-a50c-6aa6c080e606,3e811b15-07e3-491e-9526-f0a044ea7a0a,Orthotospovirus tomatomaculae,有害生物,f4fb16ac-453a-4815-a192-8e93ecb47982,Frankliniella fusca,TSWV is transmitted by thrips in a persistent manner.,媒介,11280951,Orthotospovirus tomatomaculae(TSWV00),,王秀芬,2024-04-30 09:14:40,王秀芬,2024-04-30 09:18:44,,,(Hinds)
095339f3-38da-4a16-a50c-6aa6c080e606,055ab0d8-13e7-4663-891e-4fcf07027d87,Orthotospovirus tomatomaculae,有害生物,578625d4-d78d-45fa-823c-9ac73c4cd59d,Frankliniella cephalica,TSWV is transmitted by thrips in a persistent manner.,媒介,11280951,Orthotospovirus tomatomaculae(TSWV00),,王秀芬,2024-04-30 09:14:21,王秀芬,2024-04-30 09:18:52,,,"(D. L. Crawford, 1910)"
095339f3-38da-4a16-a50c-6aa6c080e606,5e5af80b-c8cf-49c9-89a1-ba437ffc14e1,Orthotospovirus tomatomaculae,有害生物,893958c6-dd23-4069-b3b6-cf6bdf1706cf,Frankliniella bispinosa,TSWV is transmitted by thrips in a persistent manner.,媒介,11280951,Orthotospovirus tomatomaculae(TSWV00),,王秀芬,2024-04-30 09:12:57,王秀芬,2024-04-30 09:12:57,,,(Morgan)
a71cc83f-941f-4df5-b533-ba58309481ee,0784fc19-05d2-4409-bb70-6cfbf139b884,Machlomovirus zeae,有害生物,46625bce-e348-46b1-b9f3-04e1baa68e03,Frankliniella occidentalis,Known vector,媒介,11522697,Machlomovirus zeae(MCMV00),,cpqis.wangxiufen,2024-12-20 11:55:33,cpqis.wangxiufen,2024-12-20 11:55:33,,,"(Pergande, 1895)"
a71cc83f-941f-4df5-b533-ba58309481ee,3deab027-ef51-4132-8acd-cd8f49284d2d,Machlomovirus zeae,有害生物,a1e508f1-58d0-4fa7-a370-e37e9225c034,Diabrotica undecimpunctata undecimpunctata,Potential vector,媒介,11522697,Machlomovirus zeae(MCMV00),,cpqis.wangxiufen,2024-12-20 11:55:07,cpqis.wangxiufen,2024-12-20 11:55:07,,,"Mannerheim, 1843"
a71cc83f-941f-4df5-b533-ba58309481ee,0f684cda-0f7d-4eec-bc2a-02ee6c6ad934,Machlomovirus zeae,有害生物,4a6f8acd-f35d-4061-9702-14df5f03d7d5,Diabrotica undecimpunctata howardi,Known vector,媒介,11522697,Machlomovirus zeae(MCMV00),,cpqis.wangxiufen,2024-12-20 11:54:34,cpqis.wangxiufen,2024-12-20 11:54:34,,,Barber
a71cc83f-941f-4df5-b533-ba58309481ee,86cddb4d-35d0-4ef8-a49a-5436ea6a19bc,Machlomovirus zeae,有害生物,8e87651e-f634-43b2-b704-58ab67112d32,Diabrotica barberi,Known vector,媒介,11522697,Machlomovirus zeae(MCMV00),,cpqis.wangxiufen,2024-12-20 11:53:41,cpqis.wangxiufen,2024-12-20 11:53:41,,,"R.Smith & Lawrence, 1967"
a71cc83f-941f-4df5-b533-ba58309481ee,6e66657b-cb80-4991-8a0d-0ac0da1abff9,Machlomovirus zeae,有害生物,eab20a0a-af0b-4bdc-ad68-6909ff1e0907,Systena frontalis,,媒介,16300843,Maize chlorotic mottle virus,,王秀芬,2024-03-30 04:52:31,王秀芬,2024-03-30 04:52:31,,,(Fabricius)
a71cc83f-941f-4df5-b533-ba58309481ee,adb6d97c-810a-4307-8de3-07a04206148a,Machlomovirus zeae,有害生物,13aedd93-9462-4b9a-8164-510b4687a616,Oulema melanopus,,媒介,16300843,Maize chlorotic mottle virus,,王秀芬,2024-03-30 04:52:02,王秀芬,2024-03-30 04:52:02,,,(Linnaeus)
a71cc83f-941f-4df5-b533-ba58309481ee,78ef261c-6325-4d50-bc05-c54797155f0b,Machlomovirus zeae,有害生物,904111f2-fc43-481e-a715-2fb002e80a22,Frankliniella williamsi,,媒介,16300843,Maize chlorotic mottle virus,,王秀芬,2024-03-30 04:51:25,王秀芬,2024-03-30 04:51:25,,,Hood
a71cc83f-941f-4df5-b533-ba58309481ee,327247ab-0bd8-4238-8ea8-aad7a1915773,Machlomovirus zeae,有害生物,1278865a-e66e-4b38-85be-7687efc38b80,Diabrotica undecimpunctata,,媒介,16300843,Maize chlorotic mottle virus,,王秀芬,2024-03-30 04:50:31,王秀芬,2024-03-30 04:50:31,,,"Mannerheim, 1843"
a71cc83f-941f-4df5-b533-ba58309481ee,491dc79e-1ac6-4e3c-880e-d644e9363f17,Machlomovirus zeae,有害生物,8e87651e-f634-43b2-b704-58ab67112d32,Diabrotica barberi,,媒介,16300843,Maize chlorotic mottle virus,,王秀芬,2024-03-30 04:48:48,王秀芬,2024-03-30 04:48:48,,,"R.Smith & Lawrence, 1967"
a71cc83f-941f-4df5-b533-ba58309481ee,eadc811a-3eb4-4d36-bcc9-c4d52a4c5f81,Machlomovirus zeae,有害生物,e284aed4-f8fb-4a64-afd4-6fecd3c9ce72,Chaetocnema pulicaria,,媒介,16300843,Maize chlorotic mottle virus,,王秀芬,2024-03-30 04:47:22,王秀芬,2024-03-30 04:47:22,,,(Melsheimer)
a71cc83f-941f-4df5-b533-ba58309481ee,371713c2-7bbf-499c-920a-02f1032523f9,Maize chlorotic mottle virus,有害生物,4ff42bae-232c-4e50-a00e-d1bc77c9d1ab,Diabrotica virgifera virgifera,可传播玉米褪绿斑驳病毒（maize chlorotic mottle virus，MCMV）,媒介,18265093,基于@RISK软件评估玉米根萤叶甲对我国玉米产业造成的潜在经济损失,,王乃扬,2023-06-03 18:36:28,王乃扬,2023-06-03 18:36:28,,,"LeConte, 1868"
b2d7654b-ca92-42b1-9e4b-cf7373255515,1fd51fec-ed2c-4c17-8ade-02a040a3451c,Nepovirus persicae,有害生物,39663a00-936e-4ed0-9551-8c36875bea56,Xiphinema rivesi,Potential vector,媒介,10193349,Nepovirus persicae(PRMV00),,cpqis.wangxiufen,2024-12-24 10:46:08,cpqis.wangxiufen,2024-12-24 10:46:08,,,"Dalmasso, 1969"
b2d7654b-ca92-42b1-9e4b-cf7373255515,88dc82d3-c00a-4495-a68a-81200f6c3b3d,Nepovirus persicae,有害生物,a4f96ece-68d8-488f-8fcb-c84f1fda95e8,Xiphinema americanum sensu lato,Potential vector,媒介,10193349,Nepovirus persicae(PRMV00),,cpqis.wangxiufen,2024-12-24 10:45:45,cpqis.wangxiufen,2024-12-24 10:45:45,,,Cobb
b2d7654b-ca92-42b1-9e4b-cf7373255515,62e3d96d-031f-4665-8ff2-666a9654e571,Nepovirus persicae,有害生物,10364c07-419a-4953-a983-f2b97b79e118,Longidorus diadecturus,Known vector,媒介,10193349,Nepovirus persicae(PRMV00),,cpqis.wangxiufen,2024-12-24 10:45:14,cpqis.wangxiufen,2024-12-24 10:45:14,,,"Eveleigh & Allen, 1982"
b4281d30-1470-4559-a148-37d29c644619,fad86b87-ca8f-4af8-a324-1feaa9c68d31,Stralarivirus fragariae,有害生物,36cb233b-d17c-4b7b-8aa4-8c42b1f1e667,Xiphinema diversicaudatum,,媒介,10374434,Stralarivirus fragariae (latent ring spot of strawberry),,cpqis.wangxiufen,2024-12-26 22:43:26,cpqis.wangxiufen,2024-12-26 22:43:26,,,"(Micoletzky, 1927) Thorne, 1939"
b4281d30-1470-4559-a148-37d29c644619,142c093e-98a1-4fd3-9521-d41a40c47c97,Stralarivirus fragariae,有害生物,2d39d745-bacb-4280-ab8c-4a1b03e80044,Xiphinema coxi,,媒介,10374434,Stralarivirus fragariae (latent ring spot of strawberry),,cpqis.wangxiufen,2024-12-26 22:43:06,cpqis.wangxiufen,2024-12-26 22:43:06,,,"Tarjan, 1964"
de6be257-f2ec-42e7-a633-c5edb9f18214,ea9355ac-6c98-46b6-a203-31572ad1e018,Plenodomus lindquistii,有害生物,1ed3519a-733b-4e0a-ba27-86992fac31b3,Cylindrocopturus adspersus,,媒介,14384938,向日葵黑茎病发生与防治研究进展,,张希玲,2024-04-15 15:15:22,张希玲,2024-04-15 15:15:22,,,(Le Conte)
de6be257-f2ec-42e7-a633-c5edb9f18214,2f9d5d4d-5b55-4b2d-b0f3-a02616bca38a,Plenodomus lindquistii,有害生物,d7fac0d1-55c8-422f-9ed7-9ee20b3e216f,Empoasca flavescens,,媒介,14384938,向日葵黑茎病发生与防治研究进展,,张希玲,2024-04-15 15:14:57,张希玲,2024-04-15 15:15:34,,,(Fabricius)
de6be257-f2ec-42e7-a633-c5edb9f18214,5c7f7de5-155a-40d5-9f62-65c7c57125a1,Plenodomus lindquistii,有害生物,b3c6ac6a-bc09-452b-a7ce-af2a02b84407,Cicadella viridis,,媒介,14384938,向日葵黑茎病发生与防治研究进展,,张希玲,2024-04-15 15:14:51,张希玲,2024-04-15 15:14:51,,,(Linnaeus)
f671ea16-3f1c-4402-9f7a-180196844fdd,b74a1a73-9cf4-4397-8299-9c571eb05cbd,Pityophthorus juglandis,有害生物,05537032-632D-4666-8907-F59EF54B6B99,Geosmithia morbida,Thousand cankers disease (TCD) is a disease complex caused by the fungus Geosmithia morbida and its vector Pityophthorus juglandis.,媒介,159713,First Record of Thousand Cankers Disease Fungal Pathogen Geosmithia morbida and Walnut Twig Beetle Pityophthorus juglandis on Juglans regia in Europe,1445,cpqis.wangnaiyang,2014-12-29 09:36:08,,,F671EA16-3F1C-4402-9F7A-180196844FDD,Pityophthorus juglandis,"M. Kolarík, E. Freeland, C. Utley & Tisserat, 2010"
f671ea16-3f1c-4402-9f7a-180196844fdd,1a7e3ee0-831c-42a8-967b-b8791e986b74,Pityophthorus juglandis,有害生物,05537032-632D-4666-8907-F59EF54B6B99,Geosmithia morbida,"Geosmithia morbida, the causal agent of thousand cankers disease (TCD), is vectored by the walnut twig beetle (WTB), Pityophthorus juglandis, causing decline in eastern black walnut, Juglans nigra, and canker development on many Juglans species.",媒介,159704,First Report of Geosmithia morbida on English Walnut and its Paradox Rootstock in California,1441,cpqis.wangnaiyang,2014-12-26 10:16:59,,,F671EA16-3F1C-4402-9F7A-180196844FDD,Pityophthorus juglandis,"M. Kolarík, E. Freeland, C. Utley & Tisserat, 2010"
f671ea16-3f1c-4402-9f7a-180196844fdd,f9554e2d-07be-4684-a63f-3e4cb35cdcca,Pityophthorus juglandis,有害生物,05537032-632D-4666-8907-F59EF54B6B99,Geosmithia morbida,"From black walnuts (Juglans nigra) samples, emerging beetles were identified as P. juglandis both morphologically and genetically. DNA extraction was carried following a standard salting out protocol.",媒介,158975,First Record of Thousand Cankers Disease Geosmithia morbida and Walnut Twig Beetle Pityophthorus juglandis on Juglans nigra in Europe,696,cpqis.wangnaiyang,2014-06-03 15:05:31,,,F671EA16-3F1C-4402-9F7A-180196844FDD,Pityophthorus juglandis,"M. Kolarík, E. Freeland, C. Utley & Tisserat, 2010"
6af1f7cf-abb4-4b31-9f43-17f065abcdf3,daee3a39-759c-4dfd-9e94-42c376162322,Potyvirus plumpoxi,有害生物,691aeab6-ad56-46b9-80a7-392930e619f0,Myzus persicae,Known vector,媒介,5055255,Plum pox virus(PPV000),,cpqis.wangxiufen,2024-12-24 14:04:34,cpqis.wangxiufen,2024-12-24 14:06:09,,,"(Sulzer, 1776)"
6af1f7cf-abb4-4b31-9f43-17f065abcdf3,8c1f0e9b-ab09-4627-9b81-a5e33395a7a9,Potyvirus plumpoxi,有害生物,5aab8216-7cb3-4aba-8887-8fce70263c7c,Myzus cerasi,Known vector,媒介,5055255,Plum pox virus(PPV000),,cpqis.wangxiufen,2024-12-24 14:04:18,cpqis.wangxiufen,2024-12-24 14:06:15,,,"(Fabricius, 1775)"
6af1f7cf-abb4-4b31-9f43-17f065abcdf3,b204b6fd-4bc4-4633-9236-79011b4ef040,Potyvirus plumpoxi,有害生物,46b71d58-b7e2-499c-a754-606537f2b855,Hyalopterus pruni,Known vector,媒介,5055255,Plum pox virus(PPV000),,cpqis.wangxiufen,2024-12-24 14:04:01,cpqis.wangxiufen,2024-12-24 14:06:32,,,(Geoffroy)
6af1f7cf-abb4-4b31-9f43-17f065abcdf3,5527c420-aac0-439d-8ee2-6ae1e10b9277,Potyvirus plumpoxi,有害生物,6add1e75-dfd9-4767-89e7-f5b162adf5c0,Brachycaudus persicae,Known vector,媒介,5055255,Plum pox virus(PPV000),,cpqis.wangxiufen,2024-12-24 14:03:45,cpqis.wangxiufen,2024-12-24 14:06:39,,,(Passerini)
6af1f7cf-abb4-4b31-9f43-17f065abcdf3,3c1a3f0c-a1ce-46be-a58f-f8ebe822d537,Potyvirus plumpoxi,有害生物,019382ef-16fa-461c-bfef-6c3a507e0871,Brachycaudus helichrysi,Known vector,媒介,5055255,Plum pox virus(PPV000),,cpqis.wangxiufen,2024-12-24 14:03:28,cpqis.wangxiufen,2024-12-24 14:06:49,,,"(Kaltenbach, 1843)"
6af1f7cf-abb4-4b31-9f43-17f065abcdf3,4fb0fe4a-dbbc-4770-9cf5-c40d9833781e,Potyvirus plumpoxi,有害生物,b35afd8c-b07c-4021-a00a-b2fe8bee5a83,Brachycaudus cardui,Known vector,媒介,5055255,Plum pox virus(PPV000),,cpqis.wangxiufen,2024-12-24 14:03:10,cpqis.wangxiufen,2024-12-24 14:07:01,,,(Linnaeus)
6af1f7cf-abb4-4b31-9f43-17f065abcdf3,2e28a43b-0b60-4103-8376-58907f6673d3,Potyvirus plumpoxi,有害生物,197e5ba4-6f96-4d50-9ac7-8f5ef333c9b4,Aphis spiraecola,Known vector,媒介,5055255,Plum pox virus(PPV000),,cpqis.wangxiufen,2024-12-24 14:02:49,cpqis.wangxiufen,2024-12-24 14:06:56,,,"Patch, 1914"
6af1f7cf-abb4-4b31-9f43-17f065abcdf3,e5d0d8e0-27f3-4011-ac54-26e1dc8869d3,Potyvirus plumpoxi,有害生物,e82bbee0-83ab-4ff7-ad7e-df2a42ae6750,Aphis hederae,Known vector,媒介,5055255,Plum pox virus(PPV000),,cpqis.wangxiufen,2024-12-24 14:02:34,cpqis.wangxiufen,2024-12-24 14:07:08,,,Kaltenbach
6af1f7cf-abb4-4b31-9f43-17f065abcdf3,f8261da3-bcdf-4185-ac9f-7cd8e899f941,Potyvirus plumpoxi,有害生物,ae084d2a-45af-4ff8-b756-b021d61a9ea4,Aphis gossypii,Known vector,媒介,5055255,Plum pox virus(PPV000),,cpqis.wangxiufen,2024-12-24 14:02:14,cpqis.wangxiufen,2024-12-24 14:02:14,,,Glover
6af1f7cf-abb4-4b31-9f43-17f065abcdf3,9a6fafdf-b07b-4073-b530-3998b360cb53,Potyvirus plumpoxi,有害生物,12a984dd-4af5-4012-b569-15a14c880cd7,Aphis fabae,Known vector,媒介,5055255,Plum pox virus(PPV000),,cpqis.wangxiufen,2024-12-24 14:01:56,cpqis.wangxiufen,2024-12-24 14:01:56,,,Scopoli
6af1f7cf-abb4-4b31-9f43-17f065abcdf3,287f40dd-f914-4ae7-9994-1d21943ddcf3,Plum pox virus,有害生物,b35afd8c-b07c-4021-a00a-b2fe8bee5a83,Brachycaudus cardui,飞廉短尾蚜传播包括李痘病毒（plum pox virus，PPV）在内的多种植物病毒。,媒介,13424266,Potential aphid (Hemiptera: Aphididae) vectors of Plum-pox virus (Virus: Potyviridae) and status of sharka disease in stone fruit orchards in the East Mediterranean Region of Turkey,484-492,王乃扬,2023-08-02 14:25:52,王乃扬,2023-08-02 14:25:52,,,(Linnaeus)
74bed664-4898-4832-a0df-3f41470e17ce,2d803a65-a356-4b1e-a58f-d645a7441e5b,Nacobbus aberrans,有害生物,61D21167-F842-452D-ACA1-10B61BA11EB5,Paracycnotrachelus,,媒介,2017,Bursaphelenchus xylophilus (Steiner et Bührer ) Nickle,,suhan,,,,74BED664-4898-4832-A0DF-3F41470E17CE,Nacobbus aberrans,"Voss, 1924"
ec44406f-b6c9-41a3-ab4d-5d1eb9dd0b6e,3e1af488-473c-4491-b90c-eaa539bf3dd4,Bursaphelenchus xylophilus,有害生物,91819c6c-5d94-4a55-92b6-41e303b71e9b,Monochamus,"The pine wood nematode, Bursaphelenchus xylophilus, is widespread and abundant on native pine forests of North America, particularly in the eastern USA. It is ubiquitous in a wide range of climates, from subtropical to sub-boreal, but is not considered as a serious pest on this continent, except for on exotic or damaged pines. When introduced into Eurasia, some local Pinus proved to be exceptionally susceptible, and the pine wood nematode became the major invasive pine pathogen in Europe and East Asia. The pine wood nematode uses pine sawyer beetles of the genus Monochamus as vectors to exit depleted hosts and infect new ones, readily adapting to local Monochamus spp., both in North America and in areas where it is invasive.",媒介,15245837,CPC2022,,,2022-11-04 14:11:46,孙珮珊,2022-11-07 15:42:20,,,"Dejean, 1821"
4d554aa5-d436-4d1f-9e42-8861abbb743f,ddab0b50-c48d-4d3c-97b6-0e1053b8b804,Xylella fastidiosa,有害生物,f1fd16da-84aa-471b-85d2-d4b2be690249,Xyphon fulgidum,光亮尖头叶蝉Xyphon fulgidum是木质部难养菌Xylella fastidiosa的传播媒介昆虫。木质部难养菌是葡萄皮尔斯病（Pierce’s disease）和苜蓿矮缩病（alfalfa dwarf）以及杏仁叶焦病（almond leaf scorch）的病原菌。,媒介,16422445,The biology of xylem fluid-feeding insect vectors of Xylella fastidiosa and their relation to disease epidemiology,,王乃扬,2023-08-07 17:08:30,王乃扬,2023-08-07 17:08:30,,,"(Nottingham, 1932)"
4d554aa5-d436-4d1f-9e42-8861abbb743f,9473760a-515e-43e2-8141-888018c789eb,Xylella fastidiosa,有害生物,185E2DB4-4AF3-4BB3-9A6D-323722BD4F3E,Diceroprocta apache,,媒介,161570,作物保护大全检索系统2016（Crop Protection Compendium 2016）,,cpqis.zhangweidong,2016-11-10 16:55:48,,,4D554AA5-D436-4D1F-9E42-8861ABBB743F,Xylella fastidiosa,(Davis)
4d554aa5-d436-4d1f-9e42-8861abbb743f,3caf5ac5-e381-4142-8309-fda85ce9abe3,Xylella fastidiosa,有害生物,E0CE5951-7B52-4CAE-B6C9-61BD2DDA169A,Dorisiana viridis,,媒介,161570,作物保护大全检索系统2016（Crop Protection Compendium 2016）,,cpqis.zhangweidong,2016-11-10 16:55:34,,,4D554AA5-D436-4D1F-9E42-8861ABBB743F,Xylella fastidiosa,"(Olivier, 1790)"
9953ec25-4c55-4597-847a-34fe3bc25c55,e1bf6fb0-bba9-4fab-93dc-97210cd45364,Rhadinaphelenchus cocophilus,有害生物,9953EC25-4C55-4597-847A-34FE3BC25C55,Rhadinaphelenchus cocophilus,,媒介,2011,,,suhan,,,,9953EC25-4C55-4597-847A-34FE3BC25C55,Rhadinaphelenchus cocophilus,"(Cobb, 1919) Baujard, 1989"
96cc659c-f958-4642-ae87-192c50783cc8,694e5c80-068e-4d5b-89e8-60411d28630e,Paralongidorus maximus,有害生物,11D3B050-FDD8-4AA2-80E2-F69A304C777C,Tomato black ring virus,,媒介,169512,"Plant-parasitic nematodes of potential phytosanitary importance, their main hosts and reported yield losses",,cpqis.bianyong,2022-07-14 14:44:35,,,96CC659C-F958-4642-AE87-192C50783CC8,Paralongidorus maximus,
96cc659c-f958-4642-ae87-192c50783cc8,95c25b48-08e6-4590-a447-b07584cb31a4,Paralongidorus maximus,有害生物,2832B432-C19E-4E96-BA97-52CF3F738AC1,Cherry leaf roll virus,,媒介,169512,"Plant-parasitic nematodes of potential phytosanitary importance, their main hosts and reported yield losses",,cpqis.bianyong,2022-07-14 14:43:14,,,96CC659C-F958-4642-AE87-192C50783CC8,Paralongidorus maximus,
96cc659c-f958-4642-ae87-192c50783cc8,807e2eb0-716f-43f3-9223-a575c8d93972,Paralongidorus maximus,有害生物,B4281D30-1470-4559-A148-37D29C644619,Strawberry latent ringspot virus,,媒介,2985,Strawberry latent ringspot virus,,zhangjianjun,,,,96CC659C-F958-4642-AE87-192C50783CC8,Paralongidorus maximus,
8d85eb2a-7f12-41bd-ba1d-342e2bedb559,724343af-3f3c-4408-a712-66ee48034836,Candidatus Liberibacter asiaticus,有害生物,fb8f73bd-4a0c-4604-b4a9-2fcb1972a42f,Diaphorina citri,喜食嫩梢，带菌木虱中的CLas 首先在嫩叶中定殖并积累。,媒介,18181926,黄龙病菌在4个品种柑橘果枝内的时空分布,,王乃扬,2023-06-03 18:24:15,王乃扬,2023-06-03 18:24:15,,,(Kuwayana)
8c55c1eb-b59c-4f27-9478-834f4eac803f,c06b5895-8342-494c-9609-8fd65060fee1,Aphelenchoides fragariae,有害生物,D26B63AD-5CA5-4E84-A6C1-C72C24D78376,Chaethothurium,"Plant parts liable to carry the pest in trade/transport: 植物某些部位能运输有害物质。 Bulbs/tubers/corms/rhizomes: Eggs, juveniles, adults; borne internally; borne externally; visible under light microscope.鳞茎，块茎，球茎，根茎：卵，幼体，成体。内部，外部，在光学显微镜下都能看的见。
 - Growing medium accompanying plants: Eggs, juveniles, adults; borne externally; visible under light microscope.处于正在成长期的植物：
 - Flowers/inflorescences/cones/calyx: Eggs, juveniles, adults; borne internally; borne externally; visible under light microscope.花，花序，圆锥细胞，花萼：
 - Leaves: Eggs, juveniles, adults; borne internally; borne externally; visible under light microscope.树叶：
 - Seedlings/micropropagated plants: Eggs, juveniles, adults; borne internally; borne externally; visible under light microscope.树苗：
 - Stems (above ground)/shoots/trunks/branches: Eggs, juveniles, adults; borne internally; borne externally; visible under light microscope.茎干，中继线，树枝：
 - True seeds (inc. grain): Eggs, juveniles, adults; borne externally; visible under light microscope.真正的种子：

Plant parts not known to carry the pest in trade/transport:植物有些部位不能运输有害物质。
 - Bark树皮：
 - Fruits (inc. pods)果实；
 - Roots根：
 - Wood.

Transport pathways for long distance movement:长距离运输的方式：
 - Conveyances (transport vehicles)运输工具
 - Mail: With ornamentals邮件方式：观赏植物
 - Containers and packing集装箱：
 - Soil, gravel, water, etc.土壤，沙砾，水  等等
 - Travellers and baggage: With ornamentals旅行者：观赏植物",媒介,2017,Bursaphelenchus xylophilus (Steiner et Bührer ) Nickle,,suhan,,,,8C55C1EB-B59C-4F27-9478-834F4EAC803F,Aphelenchoides fragariae,spp.
daf52fa6-86f1-45a7-92f6-5cfb742d2626,ba57b426-e2c0-4383-bdb4-16a5413027c0,Haemaphysalis,动物疫病,976CD896-F893-4E77-A18F-1FCE45364AEF,equine piroplasmosis,,媒介,,,,admin,2022-09-18 15:37:17,,,DAF52FA6-86F1-45A7-92F6-5CFB742D2626,Haemaphysalis,
daf52fa6-86f1-45a7-92f6-5cfb742d2626,252902d0-cb65-4ac8-8c43-2900a9c90f61,Haemaphysalis,动物疫病,E35A8AAD-60C9-4ECB-9374-17DE2F8D2488,Vesicular Stomatitis,,媒介,,,,admin,2022-09-18 15:37:17,,,DAF52FA6-86F1-45A7-92F6-5CFB742D2626,Haemaphysalis,
daf52fa6-86f1-45a7-92f6-5cfb742d2626,67febee8-8b74-49b1-8d82-29ae0c29b5f1,Haemaphysalis,动物疫病,72DE1DA7-1E37-4E68-9F1B-9A36B2DA7112,Lyme disease,,媒介,,,,admin,2022-09-18 15:37:17,,,DAF52FA6-86F1-45A7-92F6-5CFB742D2626,Haemaphysalis,
daf52fa6-86f1-45a7-92f6-5cfb742d2626,8f8ab15d-c8fc-48da-a276-57db2a90f242,Haemaphysalis,动物疫病,3E09A638-0992-4C5B-9DBA-0A7706B87A38,Lymphocytic Choriomeningitis,,媒介,,,,admin,2022-09-18 15:37:17,,,DAF52FA6-86F1-45A7-92F6-5CFB742D2626,Haemaphysalis,
daf52fa6-86f1-45a7-92f6-5cfb742d2626,8e3004c1-fc0b-42e3-8fea-6ecfc20e2df0,Haemaphysalis,动物疫病,DB1D5DCD-4EFE-4D50-8E36-14000C511D67,Piroplasmosis,,媒介,,,,admin,2022-09-18 15:37:17,,,DAF52FA6-86F1-45A7-92F6-5CFB742D2626,Haemaphysalis,
daf52fa6-86f1-45a7-92f6-5cfb742d2626,ec153d2c-6cac-4df5-be3a-d7edda38f525,Haemaphysalis,动物疫病,B456078C-220C-401F-9150-AF9E9DA602F6,Q Fever,,媒介,,,,admin,2022-09-18 15:37:17,,,DAF52FA6-86F1-45A7-92F6-5CFB742D2626,Haemaphysalis,
daf52fa6-86f1-45a7-92f6-5cfb742d2626,72a2b872-7ce1-41ad-b4b0-f3f9475405d1,Haemaphysalis,动物疫病,7546B186-6084-40C4-9F05-40D953BC9E5B,Eperythrozoonosis,,媒介,,,,admin,2022-09-18 15:37:17,,,DAF52FA6-86F1-45A7-92F6-5CFB742D2626,Haemaphysalis,
4af8b32a-1011-4ff8-a9e5-370318f1b341,070fe28c-0312-44b2-b846-078d4e27b0cb,Aceria bakkeri,有害生物,D5B9BA70-5BAB-4CAA-B1F3-8167EDAAA1E2,Rice yellow mottle virus,,媒介,2956,Rice yellow mottle virus,,zhangjianjun,,,,4AF8B32A-1011-4FF8-A9E5-370318F1B341,Aceria bakkeri,
6807d7db-108a-4a32-b8db-fd87a2f74c72,90a0185c-bf52-4a7b-85b5-09c51ad16514,Hemitarsonemus tepidariorum,有害生物,B2D7654B-CA92-42B1-9E4B-CF7373255515,Peach rosette mosaic virus,,媒介,156848,GB/T 28091-2011 剑线虫属(传毒种类)检疫鉴定方法,,cpqis.huangjing,2017-06-16 14:46:27,,,6807D7DB-108A-4A32-B8DB-FD87A2F74C72,Hemitarsonemus tepidariorum,
6807d7db-108a-4a32-b8db-fd87a2f74c72,3f24b0eb-9de9-4d86-87df-77b88229d07a,Hemitarsonemus tepidariorum,有害生物,6407CCF4-4C8C-47ED-8DF5-DE4F8CDDE3AA,Tomato ringspot virus,,媒介,156848,GB/T 28091-2011 剑线虫属(传毒种类)检疫鉴定方法,,cpqis.huangjing,2017-06-16 14:45:58,,,6807D7DB-108A-4A32-B8DB-FD87A2F74C72,Hemitarsonemus tepidariorum,
6807d7db-108a-4a32-b8db-fd87a2f74c72,5815b6c0-a557-4be2-a8c6-04d793bd06d1,Hemitarsonemus tepidariorum,有害生物,BCD5C4E5-A9B4-4212-ADD6-B6F2F11C7EF4,Pea early-browning virus,,媒介,152570,GBT 24830-2009拟毛刺线虫属（传毒种类）检疫鉴定方法,,cpqis.huangjing,2017-06-16 11:45:09,,,6807D7DB-108A-4A32-B8DB-FD87A2F74C72,Hemitarsonemus tepidariorum,
618a3da0-379f-426a-ade8-156eb83dc7f1,90bc6f56-74ba-46a3-bc7e-267468f6b58b,Phyllocoptes fructiphilus,有害生物,03FA0011-D4C0-460B-BA7A-8AB586A0BB90,Rose rosette emaravirus,,媒介,169259,EPPO检疫性有害生物名录（2019版）的变化,,cpqis.chiyuanli,2021-12-21 15:05:31,,,618A3DA0-379F-426A-ADE8-156EB83DC7F1,Phyllocoptes fructiphilus,
618a3da0-379f-426a-ade8-156eb83dc7f1,67b4b7dc-251f-40aa-9bda-6f33760d28c4,Phyllocoptes fructiphilus,有害生物,03FA0011-D4C0-460B-BA7A-8AB586A0BB90,Rose rosette emaravirus,The movement into domestic roses is believed to be the work of the eriophyid mite vector (Phyllocoptes fructiphilus) from infected multiflora roses growing in proximity to a nursery or garden landscapes. The mites can be wind blown or may crawl from one plant to an adjacent one.,媒介,158808,,FDACS-P-01974,cpqis.wangnaiyang,2014-04-25 10:45:06,,,618A3DA0-379F-426A-ADE8-156EB83DC7F1,Phyllocoptes fructiphilus,
b4589288-8923-40f0-8cf9-c6e0309b42c3,4849a7e8-288f-4162-b049-ab30e942d8ca,Aceria tosichella,有害生物,33D66014-148D-4A90-88C0-45F7FC41AD23,Wheat streak mosaic virus,,媒介,169480,加拿大进口大麦中小麦线条花叶病毒检疫鉴定,,cpqis.wangnaiyang,2022-05-24 15:48:37,,,B4589288-8923-40F0-8CF9-C6E0309B42C3,Aceria tosichella,
b4589288-8923-40f0-8cf9-c6e0309b42c3,8096c408-7346-449b-9003-603a0dc557d5,Aceria tosichella,有害生物,40EEF01D-AACC-40F3-96A6-D86DB431F769,Triticum mosaic virus,,媒介,161401,CPC2016,,cpqis.zhengsizhu,2016-12-03 15:36:13,,,B4589288-8923-40F0-8CF9-C6E0309B42C3,Aceria tosichella,
b4589288-8923-40f0-8cf9-c6e0309b42c3,bfe395ca-e786-4197-b998-b21521eb1612,Aceria tosichella,有害生物,C914A97E-2A5A-42A9-B5CA-0FA1316AFD46,High Plains wheat mosaic emaravirus,"携带病毒的瘿螨在玉米叶片上取食时就将病毒传染给健康植株。在温室中的实验表明, 至少同时有50 个以上的带毒瘿螨才能有效地传播玉米高原病毒。",媒介,154596,玉米高原病毒病及其风险分析,88,cpqis.wangnaiyang,2013-01-05 13:44:43,,,B4589288-8923-40F0-8CF9-C6E0309B42C3,Aceria tosichella,
39663a00-936e-4ed0-9551-8c36875bea56,a9f17885-0a1a-456e-943c-affdbb7dd64e,Xiphinema rivesi,有害生物,DD517ACB-0FE4-4F42-84AE-C6A67009AC9A,Tobacco ringspot virus,在北美由该线虫传播。线虫在24小时内可以获毒，成虫和幼虫都可以传播。线虫的传播效率很高，可传播至多种植物。,媒介,159124,中国进境植物检疫性有害生物——病毒卷,224,cpqis.wangnaiyang,2014-07-28 09:53:11,,,39663A00-936E-4ED0-9551-8C36875BEA56,Xiphinema rivesi,
39663a00-936e-4ed0-9551-8c36875bea56,3913cf4f-c302-4991-9d54-3a3330ac365b,Xiphinema rivesi,有害生物,6407CCF4-4C8C-47ED-8DF5-DE4F8CDDE3AA,Tomato ringspot virus,为美国东部地区传毒介体。,媒介,159124,中国进境植物检疫性有害生物——病毒卷,210,cpqis.wangnaiyang,2014-07-25 11:04:47,,,39663A00-936E-4ED0-9551-8C36875BEA56,Xiphinema rivesi,
39663a00-936e-4ed0-9551-8c36875bea56,366dd2ba-09be-4cf4-8935-70d7f1d165d4,Xiphinema rivesi,有害生物,E6D99F71-974F-4F09-BAF1-FFAAC8028436,Cherry rasp leaf virus,,媒介,3047,Cherry rasp leaf virus,,zhangjianjun,,,,39663A00-936E-4ED0-9551-8C36875BEA56,Xiphinema rivesi,
fea6b673-73b7-4489-9557-174a734ddc60,1d73249f-1a01-48c5-ba63-46102607ca0a,Xiphinema italiae,有害生物,46F136FD-7C57-4EC2-ACC4-0B42ACDECC51,Grapevine fanleaf virus,,媒介,3138,Grapevine fanleaf virus,,zhangjianjun,,,,FEA6B673-73B7-4489-9557-174A734DDC60,Xiphinema italiae,
789fd058-ec2b-4a9d-84cf-145c123c8887,ad006c09-c074-4842-9f83-abd652153853,Xiphinema index,有害生物,5CA82A12-0DCA-4F2A-8AAB-50E1AB244AD1,Arabis mosaic virus,,媒介,156848,GB/T 28091-2011 剑线虫属(传毒种类)检疫鉴定方法,,cpqis.huangjing,2017-06-16 16:09:00,,,789FD058-EC2B-4A9D-84CF-145C123C8887,Xiphinema index,
789fd058-ec2b-4a9d-84cf-145c123c8887,13205b56-79bb-4bc8-9be0-29c1c50d4d5c,Xiphinema index,有害生物,46F136FD-7C57-4EC2-ACC4-0B42ACDECC51,Grapevine fanleaf virus,,媒介,3138,Grapevine fanleaf virus,,zhangjianjun,,,,789FD058-EC2B-4A9D-84CF-145C123C8887,Xiphinema index,
789fd058-ec2b-4a9d-84cf-145c123c8887,4475757d-77bd-4164-a393-75869849b96f,Xiphinema index,有害生物,283003A1-31A1-42CF-8CCF-14E66659585B,Grapevine chrome mosaic virus,,媒介,3123,Grapevine chrome mosaic virus,,zhangjianjun,,,,789FD058-EC2B-4A9D-84CF-145C123C8887,Xiphinema index,
36cb233b-d17c-4b7b-8aa4-8c42b1f1e667,4300410e-d533-4796-899e-88690c96e5de,Xiphinema diversicaudatum,有害生物,626819AB-C9E6-4692-BAC1-B4C32E489B32,Carnation ringspot virus,,媒介,156848,GB/T 28091-2011 剑线虫属(传毒种类)检疫鉴定方法,,cpqis.huangjing,2017-06-16 15:54:48,,,36CB233B-D17C-4B7B-8AA4-8C42B1F1E667,Xiphinema diversicaudatum,
36cb233b-d17c-4b7b-8aa4-8c42b1f1e667,e451ff7b-5a3a-42da-9d7e-2a8174d6a60d,Xiphinema diversicaudatum,有害生物,4A20B855-5AAB-4CAF-86C5-36293534206F,Raspberry ringspot virus,,媒介,156848,GB/T 28091-2011 剑线虫属(传毒种类)检疫鉴定方法,,cpqis.huangjing,2017-06-16 15:51:02,,,36CB233B-D17C-4B7B-8AA4-8C42B1F1E667,Xiphinema diversicaudatum,
36cb233b-d17c-4b7b-8aa4-8c42b1f1e667,c161f1c4-b2af-4331-8976-8f1e9828ed57,Xiphinema diversicaudatum,有害生物,6522A546-5A5A-431A-90C8-9D9219E69C2E,Brome mosaic virus,,媒介,156848,GB/T 28091-2011 剑线虫属(传毒种类)检疫鉴定方法,,cpqis.huangjing,2017-06-16 15:50:40,,,36CB233B-D17C-4B7B-8AA4-8C42B1F1E667,Xiphinema diversicaudatum,
36cb233b-d17c-4b7b-8aa4-8c42b1f1e667,dd5f0200-4fc2-4cf4-970c-1c5295d5dd73,Xiphinema diversicaudatum,有害生物,B4281D30-1470-4559-A148-37D29C644619,Strawberry latent ringspot virus,成虫和幼虫均能传毒，在无寄主情况下，病毒在剑线虫体内最长存活84天。,媒介,159124,中国进境植物检疫性有害生物——病毒卷,183,cpqis.wangnaiyang,2014-07-17 15:25:36,,,36CB233B-D17C-4B7B-8AA4-8C42B1F1E667,Xiphinema diversicaudatum,
36cb233b-d17c-4b7b-8aa4-8c42b1f1e667,104901ea-9d4f-4f65-9298-fc16eeeff275,Xiphinema diversicaudatum,有害生物,5CA82A12-0DCA-4F2A-8AAB-50E1AB244AD1,Arabis mosaic virus,"雌虫和雄虫成虫、幼虫均能传播，但成虫不能把病毒传给子代,脱皮后不能保毒,线虫接触病株一天后便能获得病毒。",媒介,159124,中国进境植物检疫性有害生物——病毒卷,33,cpqis.wangnaiyang,2014-07-08 10:00:12,,,36CB233B-D17C-4B7B-8AA4-8C42B1F1E667,Xiphinema diversicaudatum,
36cb233b-d17c-4b7b-8aa4-8c42b1f1e667,8d992f9a-bf09-4e74-8d17-2925856ea81a,Xiphinema diversicaudatum,有害生物,B4281D30-1470-4559-A148-37D29C644619,Strawberry latent ringspot virus,"X. diversicaudatum can transmit Arabis mosaic and Strawberry latent ringspot viruses. Arabis mosaic virus is of great economic importance in viticulture as it is associated with grapevine fanleaf degeneration disease, together with Grapevine fan leaf virus transmitted by X. index.",媒介,158807,First Report of the Dagger Nematode Xiphinema diversicaudatum in Citrus Orchards in Morocco,575,cpqis.wangnaiyang,2014-04-25 10:15:30,,,36CB233B-D17C-4B7B-8AA4-8C42B1F1E667,Xiphinema diversicaudatum,
36cb233b-d17c-4b7b-8aa4-8c42b1f1e667,9b244ffa-881d-4358-b14d-819c9368e2fb,Xiphinema diversicaudatum,有害生物,5CA82A12-0DCA-4F2A-8AAB-50E1AB244AD1,Arabis mosaic virus,"X. diversicaudatum can transmit Arabis mosaic and Strawberry latent ringspot viruses. Arabis mosaic virus is of great economic importance in viticulture as it is associated with grapevine fanleaf degeneration disease, together with Grapevine fan leaf virus transmitted by X. index.",媒介,158807,First Report of the Dagger Nematode Xiphinema diversicaudatum in Citrus Orchards in Morocco,575,cpqis.wangnaiyang,2014-04-25 10:14:25,,,36CB233B-D17C-4B7B-8AA4-8C42B1F1E667,Xiphinema diversicaudatum,
36cb233b-d17c-4b7b-8aa4-8c42b1f1e667,a4af6db5-e83d-45bc-ab87-528673762980,Xiphinema diversicaudatum,有害生物,5CA82A12-0DCA-4F2A-8AAB-50E1AB244AD1,Arabis mosaic virus,,媒介,10335,南芥菜花叶病毒,,zhangjianjun,2008-04-21 10:38:20,,,36CB233B-D17C-4B7B-8AA4-8C42B1F1E667,Xiphinema diversicaudatum,
36cb233b-d17c-4b7b-8aa4-8c42b1f1e667,41d69bcb-eeac-4928-b5d6-97747048206c,Xiphinema diversicaudatum,有害生物,2832B432-C19E-4E96-BA97-52CF3F738AC1,Cherry leaf roll virus,,媒介,10388,大樱桃病毒病研究进展,,zhangjianjun,2007-12-21 17:28:32,,,36CB233B-D17C-4B7B-8AA4-8C42B1F1E667,Xiphinema diversicaudatum,
36cb233b-d17c-4b7b-8aa4-8c42b1f1e667,0303ea5b-de52-432b-add6-981f5f840e7d,Xiphinema diversicaudatum,有害生物,2832B432-C19E-4E96-BA97-52CF3F738AC1,Cherry leaf roll virus,,媒介,10388,大樱桃病毒病研究进展,,zhangjianjun,2007-12-21 17:24:19,,,36CB233B-D17C-4B7B-8AA4-8C42B1F1E667,Xiphinema diversicaudatum,
36cb233b-d17c-4b7b-8aa4-8c42b1f1e667,e8ac310e-0dea-47f1-9502-c95b206b384e,Xiphinema diversicaudatum,有害生物,B4281D30-1470-4559-A148-37D29C644619,Strawberry latent ringspot virus,,媒介,2985,Strawberry latent ringspot virus,,zhangjianjun,,,,36CB233B-D17C-4B7B-8AA4-8C42B1F1E667,Xiphinema diversicaudatum,
36cb233b-d17c-4b7b-8aa4-8c42b1f1e667,24a6619a-8730-44c3-9327-18f0eff1a6ad,Xiphinema diversicaudatum,有害生物,5CA82A12-0DCA-4F2A-8AAB-50E1AB244AD1,Arabis mosaic virus,,媒介,3163,Arabis mosaic virus,,zhangjianjun,,,,36CB233B-D17C-4B7B-8AA4-8C42B1F1E667,Xiphinema diversicaudatum,
2d39d745-bacb-4280-ab8c-4a1b03e80044,54ffa80c-70fc-4d0f-bf52-5da63efbcc04,Xiphinema coxi,有害生物,6522A546-5A5A-431A-90C8-9D9219E69C2E,Brome mosaic virus,,媒介,156848,GB/T 28091-2011 剑线虫属(传毒种类)检疫鉴定方法,,cpqis.huangjing,2017-06-16 15:41:29,,,2D39D745-BACB-4280-AB8C-4A1B03E80044,Xiphinema coxi,
2d39d745-bacb-4280-ab8c-4a1b03e80044,2ccce87f-116e-4ad3-993e-2c205fa882ef,Xiphinema coxi,有害生物,DD517ACB-0FE4-4F42-84AE-C6A67009AC9A,Tobacco ringspot virus,,媒介,156848,GB/T 28091-2011 剑线虫属(传毒种类)检疫鉴定方法,,cpqis.huangjing,2017-06-16 15:40:51,,,2D39D745-BACB-4280-AB8C-4A1B03E80044,Xiphinema coxi,
2d39d745-bacb-4280-ab8c-4a1b03e80044,89c5f8f3-0d90-4c49-880e-dbd222c0b9cd,Xiphinema coxi,有害生物,B4281D30-1470-4559-A148-37D29C644619,Strawberry latent ringspot virus,成虫和幼虫均能传毒，在无寄主情况下，病毒在剑线虫体内最长存活84天。,媒介,159124,中国进境植物检疫性有害生物——病毒卷,183,cpqis.wangnaiyang,2014-07-17 15:25:17,,,2D39D745-BACB-4280-AB8C-4A1B03E80044,Xiphinema coxi,
2d39d745-bacb-4280-ab8c-4a1b03e80044,c5c7295b-21aa-462a-8601-0a1ca5f7f5b6,Xiphinema coxi,有害生物,5CA82A12-0DCA-4F2A-8AAB-50E1AB244AD1,Arabis mosaic virus,,媒介,159124,中国进境植物检疫性有害生物——病毒卷,33,cpqis.wangnaiyang,2014-07-08 10:02:19,,,2D39D745-BACB-4280-AB8C-4A1B03E80044,Xiphinema coxi,
2d39d745-bacb-4280-ab8c-4a1b03e80044,5452d5cd-ae12-49a4-96c5-8e7fb9c0f717,Xiphinema coxi,有害生物,5CA82A12-0DCA-4F2A-8AAB-50E1AB244AD1,Arabis mosaic virus,,媒介,10335,南芥菜花叶病毒,,zhangjianjun,2008-04-21 10:38:38,,,2D39D745-BACB-4280-AB8C-4A1B03E80044,Xiphinema coxi,
2d39d745-bacb-4280-ab8c-4a1b03e80044,b053f0b1-4132-4258-8c68-85c3833b142f,Xiphinema coxi,有害生物,2832B432-C19E-4E96-BA97-52CF3F738AC1,Cherry leaf roll virus,,媒介,10388,大樱桃病毒病研究进展,,zhangjianjun,2007-12-21 17:23:02,,,2D39D745-BACB-4280-AB8C-4A1B03E80044,Xiphinema coxi,
2d39d745-bacb-4280-ab8c-4a1b03e80044,0a1f64eb-60c5-4c11-9c1f-159c1defab29,Xiphinema coxi,有害生物,5CA82A12-0DCA-4F2A-8AAB-50E1AB244AD1,Arabis mosaic virus,,媒介,3163,Arabis mosaic virus,,zhangjianjun,,,,2D39D745-BACB-4280-AB8C-4A1B03E80044,Xiphinema coxi,
2d39d745-bacb-4280-ab8c-4a1b03e80044,7ce3defd-76ee-4354-a1a1-67f4696ba37e,Xiphinema coxi,有害生物,B4281D30-1470-4559-A148-37D29C644619,Strawberry latent ringspot virus,,媒介,2985,Strawberry latent ringspot virus,,zhangjianjun,,,,2D39D745-BACB-4280-AB8C-4A1B03E80044,Xiphinema coxi,
bc041fb3-e12c-4179-9f3b-19e59d54c59f,333d6dcf-4a2b-450f-8948-2bae57058fcd,Xiphinema californicum,有害生物,DD517ACB-0FE4-4F42-84AE-C6A67009AC9A,Tobacco ringspot virus,,媒介,156848,GB/T 28091-2011 剑线虫属(传毒种类)检疫鉴定方法,,cpqis.huangjing,2017-06-16 15:35:30,,,BC041FB3-E12C-4179-9F3B-19E59D54C59F,Xiphinema californicum,
bc041fb3-e12c-4179-9f3b-19e59d54c59f,75b05a92-a9cd-4175-9ded-b227b8a1b004,Xiphinema californicum,有害生物,6407CCF4-4C8C-47ED-8DF5-DE4F8CDDE3AA,Tomato ringspot virus,为美国西部地区传毒介体。,媒介,159124,中国进境植物检疫性有害生物——病毒卷,210,cpqis.wangnaiyang,2014-07-25 11:05:10,,,BC041FB3-E12C-4179-9F3B-19E59D54C59F,Xiphinema californicum,
bc041fb3-e12c-4179-9f3b-19e59d54c59f,c5986ef2-0895-4444-90e4-ec487af35154,Xiphinema californicum,有害生物,E6D99F71-974F-4F09-BAF1-FFAAC8028436,Cherry rasp leaf virus,,媒介,3047,Cherry rasp leaf virus,,zhangjianjun,,,,BC041FB3-E12C-4179-9F3B-19E59D54C59F,Xiphinema californicum,
df8fa282-4520-4450-bac0-7cec1a84b5f0,e2a4111e-f318-4ca8-bd1d-db173291de10,Xiphinema basiri,有害生物,59F45C7F-18BA-4944-995F-CCEE3EC4C013,Cowpea mosaic virus,,媒介,156848,GB/T 28091-2011 剑线虫属(传毒种类)检疫鉴定方法,,cpqis.huangjing,2017-06-16 15:11:40,,,DF8FA282-4520-4450-BAC0-7CEC1A84B5F0,Xiphinema basiri,
42487eaf-f3f5-4b64-8c7d-a035da5264b0,57cb7ee2-30da-4d2f-b336-8dcb9ec0eb4e,Xiphinema bakeri,有害生物,5CA82A12-0DCA-4F2A-8AAB-50E1AB244AD1,Arabis mosaic virus,,媒介,156848,GB/T 28091-2011 剑线虫属(传毒种类)检疫鉴定方法,,cpqis.huangjing,2017-06-16 14:43:52,,,42487EAF-F3F5-4B64-8C7D-A035DA5264B0,Xiphinema bakeri,
fc25e422-e665-4b35-b39b-fc4a8fea0014,4a6fdc4d-88e1-4025-8b2b-6532e0bb7505,Xiphinema americanum,有害生物,DD517ACB-0FE4-4F42-84AE-C6A67009AC9A,Tobacco ringspot virus,,媒介,156848,GB/T 28091-2011 剑线虫属(传毒种类)检疫鉴定方法,,cpqis.huangjing,2017-06-16 14:45:36,,,FC25E422-E665-4B35-B39B-FC4A8FEA0014,Xiphinema americanum,
fc25e422-e665-4b35-b39b-fc4a8fea0014,30c34ad6-1d05-450b-a851-ceddd86850a7,Xiphinema americanum,有害生物,E6D99F71-974F-4F09-BAF1-FFAAC8028436,Cherry rasp leaf virus,,媒介,156848,GB/T 28091-2011 剑线虫属(传毒种类)检疫鉴定方法,,cpqis.huangjing,2017-06-16 14:45:12,,,FC25E422-E665-4B35-B39B-FC4A8FEA0014,Xiphinema americanum,
fc25e422-e665-4b35-b39b-fc4a8fea0014,918246a2-3a05-42dd-9cdc-8716ac846ac3,Xiphinema americanum,有害生物,E6D99F71-974F-4F09-BAF1-FFAAC8028436,Cherry rasp leaf virus,transmitted by the nematode Xiphinema americanum in the field,媒介,160294,Seed and pollen transmission of Apple latent spherical virus in apple,,cpqis.liangxinmiao,2015-07-08 16:19:54,,,FC25E422-E665-4B35-B39B-FC4A8FEA0014,Xiphinema americanum,
fc25e422-e665-4b35-b39b-fc4a8fea0014,a47b79f0-4948-4abe-9f27-5f33f40cfa65,Xiphinema americanum,有害生物,DD517ACB-0FE4-4F42-84AE-C6A67009AC9A,Tobacco ringspot virus,线虫在24小时内可以获毒，成虫和幼虫都可以传播。线虫的传播效率很高，可传播至多种植物。,媒介,159124,中国进境植物检疫性有害生物——病毒卷,224,cpqis.wangnaiyang,2014-07-28 09:51:58,,,FC25E422-E665-4B35-B39B-FC4A8FEA0014,Xiphinema americanum,
fc25e422-e665-4b35-b39b-fc4a8fea0014,01b5a622-59f6-476e-ae0d-3af0940b2fb7,Xiphinema americanum,有害生物,6407CCF4-4C8C-47ED-8DF5-DE4F8CDDE3AA,Tomato ringspot virus,Xiphinema americanum是传毒的优势种群。生活周期至少为一年，线虫能在没有寄主植物的土壤中发育成熟，但是不能繁殖。线虫繁殖最适宜温度为2℃-24℃，高温和低湿条件下种群数量减少，在冰冻土壤中存活期短。,媒介,159124,中国进境植物检疫性有害生物——病毒卷,210,cpqis.wangnaiyang,2014-07-25 11:04:00,,,FC25E422-E665-4B35-B39B-FC4A8FEA0014,Xiphinema americanum,
fc25e422-e665-4b35-b39b-fc4a8fea0014,37ddc941-243c-4768-92c5-54644de68a56,Xiphinema americanum,有害生物,B2D7654B-CA92-42B1-9E4B-CF7373255515,Peach rosette mosaic virus,,媒介,159124,中国进境植物检疫性有害生物——病毒卷,108,cpqis.wangnaiyang,2014-07-14 10:22:57,,,FC25E422-E665-4B35-B39B-FC4A8FEA0014,Xiphinema americanum,
fc25e422-e665-4b35-b39b-fc4a8fea0014,f684c27a-10df-47dd-bb89-3a4be790fcae,Xiphinema americanum,有害生物,DD517ACB-0FE4-4F42-84AE-C6A67009AC9A,Tobacco ringspot virus,,媒介,2946,Tobacco ringspot virus,,zhangjianjun,,,,FC25E422-E665-4B35-B39B-FC4A8FEA0014,Xiphinema americanum,
fc25e422-e665-4b35-b39b-fc4a8fea0014,ffb59039-ee63-4dad-8501-474e5ec10990,Xiphinema americanum,有害生物,46F136FD-7C57-4EC2-ACC4-0B42ACDECC51,Grapevine fanleaf virus,,媒介,3138,Grapevine fanleaf virus,,zhangjianjun,,,,FC25E422-E665-4B35-B39B-FC4A8FEA0014,Xiphinema americanum,
fc25e422-e665-4b35-b39b-fc4a8fea0014,de8fa589-4c57-491f-bfa2-a26806bc3b62,Xiphinema americanum,有害生物,E6D99F71-974F-4F09-BAF1-FFAAC8028436,Cherry rasp leaf virus,,媒介,3047,Cherry rasp leaf virus,,zhangjianjun,,,,FC25E422-E665-4B35-B39B-FC4A8FEA0014,Xiphinema americanum,
93fa4b62-9d8c-4016-a1d1-b3799c2c65e9,a8fb9800-485f-45f2-bd8d-1f8e3ec7a0c1,Trichodorus similis,有害生物,DD98EFF0-2422-40AB-AD93-785094CEE294,Tobacco rattle virus,,媒介,2945,Tobacco rattle virus,,zhangjianjun,,,,93FA4B62-9D8C-4016-A1D1-B3799C2C65E9,Trichodorus similis,
7ccc0155-6ad1-417d-9fa5-d370323aea4e,d5042a71-098a-4dff-a100-6682163b8c85,Trichodorus primitivus,有害生物,BCD5C4E5-A9B4-4212-ADD6-B6F2F11C7EF4,Pea early-browning virus,,媒介,161401,CPC2016,,cpqis.zhengsizhu,2016-12-03 15:59:51,,,7CCC0155-6AD1-417D-9FA5-D370323AEA4E,Trichodorus primitivus,
7ccc0155-6ad1-417d-9fa5-d370323aea4e,ccf6cce3-2942-49ad-b9b2-ba257478da57,Trichodorus primitivus,有害生物,DD98EFF0-2422-40AB-AD93-785094CEE294,Tobacco rattle virus,,媒介,2945,Tobacco rattle virus,,zhangjianjun,,,,7CCC0155-6AD1-417D-9FA5-D370323AEA4E,Trichodorus primitivus,
b0824941-3080-48e4-9b6a-243bd947a131,f1b3591d-d745-44bf-8321-f67c993febbb,Trichodorus cylindricus,有害生物,DD98EFF0-2422-40AB-AD93-785094CEE294,Tobacco rattle virus,,媒介,152569,GBT 24829-2009毛刺线虫属（传毒种类）检疫鉴定方法,,cpqis.huangjing,2017-06-16 16:33:25,,,B0824941-3080-48E4-9B6A-243BD947A131,Trichodorus cylindricus,
f238069a-69e8-497d-aea3-e160c53991e2,0835775a-997e-41e5-9516-6ab4ad9d8ffe,Sternochetus olivieri,有害生物,adc64102-7f1e-4da0-ad2d-cfe36de39641,Mangifera indica,通过幼虫、蛹和成虫在果实内危害取食传播，隐蔽性强。,媒介,154985,SN/T 1401-2011芒果象检疫鉴定方法,2,徐淼锋,2024-10-20 10:15:28,徐淼锋,2024-10-20 10:15:28,,,Linn.
c0ff01d5-e95f-4f42-8925-94192342b5c6,29933f27-5bb0-406a-ab8e-62f6364da7ed,Radopholus similis,有害生物,8AE094C2-D160-422B-BAAC-763E9B9731FC,Fusarium oxysporum,,媒介,2006,Hirschmanniella oryzae,,suhan,,,,C0FF01D5-E95F-4F42-8925-94192342B5C6,Radopholus similis,Schltdl.
c0ff01d5-e95f-4f42-8925-94192342b5c6,faa0b84c-4c25-40d8-bccf-b80b9fa1059d,Radopholus similis,有害生物,8AE094C2-D160-422B-BAAC-763E9B9731FC,Fusarium oxysporum,,媒介,2028,Hirschmanniella oryzae,,suhan,,,,C0FF01D5-E95F-4F42-8925-94192342B5C6,Radopholus similis,Schltdl.
c0ff01d5-e95f-4f42-8925-94192342b5c6,f0254701-fb0a-4e8b-b015-b84ef71b800d,Radopholus similis,有害生物,8AE094C2-D160-422B-BAAC-763E9B9731FC,Fusarium oxysporum,,媒介,2041,Hirschmanniella oryzae,,suhan,,,,C0FF01D5-E95F-4F42-8925-94192342B5C6,Radopholus similis,Schltdl.
691aeab6-ad56-46b9-80a7-392930e619f0,82b7c080-3f03-4c5a-8db8-7c52a1715107,Myzus persicae,有害生物,1309ECA5-EA37-4C2A-AF53-C69BC6188C97,Cucurbit aphid-borne yellows virus,"Cucurbit aphid-borne yellows virus (CABYV) is a phloem-limited virus that is transmitted in a persistent, non-propagative mode by aphids, including Aphis gossypii and Myzus persicae.",媒介,165574,First report of Cucurbit aphid-borne yellows virus in Vicia faba,NDR_035013,cpqis.wangnaiyang,2019-01-03 09:07:38,,,691AEAB6-AD56-46B9-80A7-392930E619F0,Myzus persicae,
691aeab6-ad56-46b9-80a7-392930e619f0,f6458940-a8b0-412e-bf67-4ac4cd220d09,Myzus persicae,有害生物,E20C6ED0-B14C-46CA-BDB8-C156B8CA2DEF,Pea enation mosaic virus-1,,媒介,161570,作物保护大全检索系统2016（Crop Protection Compendium 2016）,,cpqis.zhangweidong,2016-11-11 10:06:08,,,691AEAB6-AD56-46B9-80A7-392930E619F0,Myzus persicae,(PEMV-1)
691aeab6-ad56-46b9-80a7-392930e619f0,c2d51a95-bef5-44bb-a71b-81a8967298e2,Myzus persicae,有害生物,78B88EE2-D2D3-4BDC-964A-B38F448189FA,Tobacco vein distorting virus,,媒介,161570,作物保护大全检索系统2016（Crop Protection Compendium 2016）,,cpqis.zhangweidong,2016-11-10 17:03:26,,,691AEAB6-AD56-46B9-80A7-392930E619F0,Myzus persicae,
691aeab6-ad56-46b9-80a7-392930e619f0,c11bacf9-1223-45fc-aaba-7babe3b413be,Myzus persicae,有害生物,B09BA016-0B38-4780-A1E1-25A2C077CD1A,Tobacco yellow net virus,,媒介,161570,作物保护大全检索系统2016（Crop Protection Compendium 2016）,,cpqis.zhangweidong,2016-11-10 17:01:56,,,691AEAB6-AD56-46B9-80A7-392930E619F0,Myzus persicae,(TYNV)
691aeab6-ad56-46b9-80a7-392930e619f0,eae9aae3-bd51-4a9b-a946-6c6e906ab33f,Myzus persicae,有害生物,669BCB93-DEDF-4500-8F96-9DB652DC8EC5,Red clover vein mosaic virus,,媒介,161949,Red clover vein mosaic virus,,cpqis.fanwei,2016-08-22 09:46:44,,,691AEAB6-AD56-46B9-80A7-392930E619F0,Myzus persicae,
